CaseID,Prefix length,Groud truth,Predicted,Levenshtein,Damerau,Jaccard,Ground truth times,Predicted times,RMSE,MAE
3087,2,b'\xc2\xa7',b'\xc2\xa7',1.0,1.0,1.0
3088,2,b'\xc2\xa9',b'\xc2\xa9',1.0,1.0,1.0
3089,2,b'\xc2\xaa',b'\xc2\xa7',0.0,0.0,0.0
3090,2,b'\xc2\xa7',b'\xc2\xa7',1.0,1.0,1.0
3091,2,b'\xc2\xa7',b'\xc2\xa7',1.0,1.0,1.0
3092,2,b'\xc2\xa7',b'\xc2\xa7',1.0,1.0,1.0
3093,2,b'\xc2\xa7',b'\xc2\xa7',1.0,1.0,1.0
3094,2,b'\xc2\xa7',b'\xc2\xa7',1.0,1.0,1.0
3095,2,b'\xc2\xa7',b'\xc2\xa7',1.0,1.0,1.0
3096,2,b'\xc2\xa7',b'\xc2\xa7',1.0,1.0,1.0
3098,2,b'\xc2\xa7',b'\xc2\xa7',1.0,1.0,1.0
3099,2,b'\xc2\xaa',b'\xc2\xa7',0.0,0.0,0.0
3100,2,b'\xc2\xaa',b'\xc2\xa7',0.0,0.0,0.0
3101,2,b'\xc2\xa7',b'\xc2\xa7',1.0,1.0,1.0
3102,2,b'\xc2\xaa',b'\xc2\xa7',0.0,0.0,0.0
3104,2,b'\xc2\xa7',b'\xc2\xa7',1.0,1.0,1.0
3105,2,b'\xc2\xaa',b'\xc2\xa7',0.0,0.0,0.0
3106,2,b'\xc2\xa7',b'\xc2\xa7',1.0,1.0,1.0
3107,2,b'\xc2\xa7',b'\xc2\xa7',1.0,1.0,1.0
3109,2,b'\xc2\xa7',b'\xc2\xa7',1.0,1.0,1.0
3110,2,b'\xc2\xaa',b'\xc2\xa7',0.0,0.0,0.0
3111,2,b'\xc2\xa7',b'\xc2\xa7',1.0,1.0,1.0
3114,2,b'\xc2\xa9',b'\xc2\xa7',0.0,0.0,0.0
3115,2,b'\xc2\xaa',b'\xc2\xa7',0.0,0.0,0.0
3116,2,b'\xc2\xa7',b'\xc2\xa7',1.0,1.0,1.0
3117,2,b'\xc2\xa7',b'\xc2\xa7',1.0,1.0,1.0
3119,2,b'\xc2\xa2',b'\xc2\xa9',0.0,0.0,0.0
3120,2,b'\xc2\xa7',b'\xc2\xa7',1.0,1.0,1.0
3122,2,b'\xc2\xaa',b'\xc2\xa7',0.0,0.0,0.0
3123,2,b'\xc2\xa7',b'\xc2\xa7',1.0,1.0,1.0
3124,2,b'\xc2\xa7',b'\xc2\xa7',1.0,1.0,1.0
3125,2,b'\xc2\xa7',b'\xc2\xa7',1.0,1.0,1.0
3127,2,b'\xc2\xa7',b'\xc2\xa7',1.0,1.0,1.0
3129,2,b'\xc2\xa7',b'\xc2\xa7',1.0,1.0,1.0
3130,2,b'\xc2\xa9',b'\xc2\xa9',1.0,1.0,1.0
3131,2,b'\xc2\xaa',b'\xc2\xa7',0.0,0.0,0.0
3132,2,b'\xc2\xa7',b'\xc2\xa7',1.0,1.0,1.0
3133,2,b'\xc2\xa7',b'\xc2\xa7',1.0,1.0,1.0
3134,2,b'\xc2\xa7',b'\xc2\xa7',1.0,1.0,1.0
3135,2,b'\xc2\xa3',b'\xc2\xa7',0.0,0.0,0.0
3136,2,b'\xc2\xa7',b'\xc2\xa7',1.0,1.0,1.0
3137,2,b'\xc2\xa2',b'\xc2\xa9',0.0,0.0,0.0
3138,2,b'\xc2\xaa',b'\xc2\xa7',0.0,0.0,0.0
3140,2,b'\xc2\xa7',b'\xc2\xa7',1.0,1.0,1.0
3141,2,b'\xc2\xa7',b'\xc2\xa7',1.0,1.0,1.0
3143,2,b'\xc2\xaa',b'\xc2\xa7',0.0,0.0,0.0
3144,2,b'\xc2\xa7',b'\xc2\xa7',1.0,1.0,1.0
3146,2,b'\xc2\xa7',b'\xc2\xa7',1.0,1.0,1.0
3147,2,b'\xc2\xa7',b'\xc2\xa7',1.0,1.0,1.0
3149,2,b'\xc2\xa7',b'\xc2\xa7',1.0,1.0,1.0
3150,2,b'\xc2\xa9',b'\xc2\xa9',1.0,1.0,1.0
3151,2,b'\xc2\xa7',b'\xc2\xa7',1.0,1.0,1.0
3152,2,b'\xc2\xaa',b'\xc2\xa7',0.0,0.0,0.0
3153,2,b'\xc2\xaa',b'\xc2\xa7',0.0,0.0,0.0
3154,2,b'\xc2\xa7',b'\xc2\xa7',1.0,1.0,1.0
3155,2,b'\xc2\xa7',b'\xc2\xa7',1.0,1.0,1.0
3156,2,b'\xc2\xa9',b'\xc2\xa7',0.0,0.0,0.0
3157,2,b'\xc2\xaa',b'\xc2\xa7',0.0,0.0,0.0
3158,2,b'\xc2\xa7',b'\xc2\xa7',1.0,1.0,1.0
3159,2,b'\xc2\xa9',b'\xc2\xa7',0.0,0.0,0.0
3160,2,b'\xc2\xa7',b'\xc2\xa7',1.0,1.0,1.0
3161,2,b'\xc2\xa7',b'\xc2\xa7',1.0,1.0,1.0
3163,2,b'\xc2\xa7',b'\xc2\xa7',1.0,1.0,1.0
3164,2,b'\xc2\xa7',b'\xc2\xa7',1.0,1.0,1.0
3166,2,b'\xc2\xa7',b'\xc2\xa7',1.0,1.0,1.0
3167,2,b'\xc2\xa7',b'\xc2\xa7',1.0,1.0,1.0
3168,2,b'\xc2\xa7',b'\xc2\xa7',1.0,1.0,1.0
3169,2,b'\xc2\xa7',b'\xc2\xa7',1.0,1.0,1.0
3170,2,b'\xc2\xaa',b'\xc2\xa7',0.0,0.0,0.0
3171,2,b'\xc2\xa7',b'\xc2\xa7',1.0,1.0,1.0
3173,2,b'\xc2\xa7',b'\xc2\xa7',1.0,1.0,1.0
3174,2,b'\xc2\xa7',b'\xc2\xa7',1.0,1.0,1.0
3175,2,b'\xc2\xaa',b'\xc2\xa7',0.0,0.0,0.0
3177,2,b'\xc2\xa7',b'\xc2\xa7',1.0,1.0,1.0
3179,2,b'\xc2\xa7',b'\xc2\xa7',1.0,1.0,1.0
3180,2,b'\xc2\xa7',b'\xc2\xa7',1.0,1.0,1.0
3181,2,b'\xc2\xa7',b'\xc2\xa7',1.0,1.0,1.0
3182,2,b'\xc2\xaa',b'\xc2\xa7',0.0,0.0,0.0
3183,2,b'\xc2\xaa',b'\xc2\xa7',0.0,0.0,0.0
3185,2,b'\xc2\xa3',b'\xc2\xa7',0.0,0.0,0.0
3187,2,b'\xc2\xa9',b'\xc2\xa9',1.0,1.0,1.0
3188,2,b'\xc2\xa7',b'\xc2\xa7',1.0,1.0,1.0
3189,2,b'\xc2\xa7',b'\xc2\xa7',1.0,1.0,1.0
3190,2,b'\xc2\xa7',b'\xc2\xa7',1.0,1.0,1.0
3191,2,b'\xc2\xa9',b'\xc2\xa9',1.0,1.0,1.0
3193,2,b'\xc2\xa7',b'\xc2\xa7',1.0,1.0,1.0
3194,2,b'\xc2\xa9',b'\xc2\xa9',1.0,1.0,1.0
3195,2,b'\xc2\xa7',b'\xc2\xa7',1.0,1.0,1.0
3196,2,b'\xc2\xa9',b'\xc2\xa9',1.0,1.0,1.0
3197,2,b'\xc2\xa9',b'\xc2\xa9',1.0,1.0,1.0
3198,2,b'\xc2\xa7',b'\xc2\xa7',1.0,1.0,1.0
3199,2,b'\xc2\xa7',b'\xc2\xa7',1.0,1.0,1.0
3200,2,b'\xc2\xa9',b'\xc2\xa9',1.0,1.0,1.0
3201,2,b'\xc2\xaa',b'\xc2\xa7',0.0,0.0,0.0
3202,2,b'\xc2\xa7',b'\xc2\xa7',1.0,1.0,1.0
3203,2,b'\xc2\xa7',b'\xc2\xa7',1.0,1.0,1.0
3204,2,b'\xc2\xa7',b'\xc2\xa7',1.0,1.0,1.0
3205,2,b'\xc2\xa7',b'\xc2\xa7',1.0,1.0,1.0
3206,2,b'\xc2\xa7',b'\xc2\xa7',1.0,1.0,1.0
3207,2,b'\xc2\xa7',b'',0.0,0.0,0.0
3208,2,b'\xc2\xa7',b'\xc2\xa7',1.0,1.0,1.0
3209,2,b'\xc2\xa7',b'\xc2\xa7',1.0,1.0,1.0
3210,2,b'\xc2\xa7',b'\xc2\xa7',1.0,1.0,1.0
3211,2,b'\xc2\xaa',b'\xc2\xa7',0.0,0.0,0.0
3213,2,b'\xc2\xa7',b'\xc2\xa7',1.0,1.0,1.0
3214,2,b'\xc2\xa3',b'\xc2\xa7',0.0,0.0,0.0
3215,2,b'\xc2\xa7',b'\xc2\xa7',1.0,1.0,1.0
3216,2,b'\xc2\xa7',b'\xc2\xa7',1.0,1.0,1.0
3217,2,b'\xc2\xa9',b'\xc2\xa9',1.0,1.0,1.0
3218,2,b'\xc2\xa7',b'\xc2\xa7',1.0,1.0,1.0
3219,2,b'\xc2\xa7',b'\xc2\xa7',1.0,1.0,1.0
3220,2,b'\xc2\xa7',b'\xc2\xa7',1.0,1.0,1.0
3221,2,b'\xc2\xa7',b'\xc2\xa7',1.0,1.0,1.0
3223,2,b'\xc2\xa3',b'\xc2\xa7',0.0,0.0,0.0
3224,2,b'\xc2\xa9',b'\xc2\xa9',1.0,1.0,1.0
3225,2,b'\xc2\xa7',b'\xc2\xa7',1.0,1.0,1.0
3227,2,b'\xc2\xa7',b'\xc2\xa7',1.0,1.0,1.0
3228,2,b'\xc2\xa9',b'\xc2\xa9',1.0,1.0,1.0
3230,2,b'\xc2\xa7',b'\xc2\xa7',1.0,1.0,1.0
3232,2,b'\xc2\xa7',b'\xc2\xa7',1.0,1.0,1.0
3234,2,b'\xc2\xaa',b'\xc2\xa7',0.0,0.0,0.0
3235,2,b'\xc2\xa9',b'\xc2\xa9',1.0,1.0,1.0
3236,2,b'\xc2\xa7',b'\xc2\xa7',1.0,1.0,1.0
3237,2,b'\xc2\xa7',b'\xc2\xa7',1.0,1.0,1.0
3238,2,b'\xc2\xaa',b'\xc2\xa7',0.0,0.0,0.0
3240,2,b'\xc2\xa7',b'\xc2\xa7',1.0,1.0,1.0
3241,2,b'\xc2\xa7',b'\xc2\xa7',1.0,1.0,1.0
3243,2,b'\xc2\xa7',b'\xc2\xa7',1.0,1.0,1.0
3244,2,b'\xc2\xa9',b'\xc2\xa9',1.0,1.0,1.0
3245,2,b'\xc2\xa7',b'\xc2\xa7',1.0,1.0,1.0
3246,2,b'\xc2\xa7',b'\xc2\xa7',1.0,1.0,1.0
3247,2,b'\xc2\xa7',b'\xc2\xa7',1.0,1.0,1.0
3248,2,b'\xc2\xa7',b'\xc2\xa7',1.0,1.0,1.0
3249,2,b'\xc2\xa5',b'\xc2\xa7',0.0,0.0,0.0
3250,2,b'\xc2\xaa',b'\xc2\xa7',0.0,0.0,0.0
3252,2,b'\xc2\xaa',b'\xc2\xa7',0.0,0.0,0.0
3255,2,b'\xc2\xa7',b'\xc2\xa7',1.0,1.0,1.0
3256,2,b'\xc2\xa9',b'\xc2\xa9',1.0,1.0,1.0
3257,2,b'\xc2\xaa',b'\xc2\xa7',0.0,0.0,0.0
3259,2,b'\xc2\xa7',b'\xc2\xa7',1.0,1.0,1.0
3260,2,b'\xc2\xa7',b'\xc2\xa7',1.0,1.0,1.0
3261,2,b'\xc2\xa7',b'\xc2\xa7',1.0,1.0,1.0
3263,2,b'\xc2\xa7',b'\xc2\xa7',1.0,1.0,1.0
3264,2,b'\xc2\xaa',b'\xc2\xa7',0.0,0.0,0.0
3265,2,b'\xc2\xa7',b'\xc2\xa7',1.0,1.0,1.0
3266,2,b'\xc2\xa7',b'\xc2\xa7',1.0,1.0,1.0
3267,2,b'\xc2\xa7',b'\xc2\xa7',1.0,1.0,1.0
3268,2,b'\xc2\xa7',b'\xc2\xa7',1.0,1.0,1.0
3269,2,b'\xc2\xa7',b'\xc2\xa7',1.0,1.0,1.0
3270,2,b'\xc2\xaa',b'\xc2\xa7',0.0,0.0,0.0
3271,2,b'\xc2\xa6',b'\xc2\xa7',0.0,0.0,0.0
3272,2,b'\xc2\xa7',b'\xc2\xa7',1.0,1.0,1.0
3274,2,b'\xc2\xa9',b'\xc2\xa9',1.0,1.0,1.0
3275,2,b'\xc2\xa7',b'\xc2\xa7',1.0,1.0,1.0
3277,2,b'\xc2\xa7',b'\xc2\xa7',1.0,1.0,1.0
3278,2,b'\xc2\xaa',b'\xc2\xa7',0.0,0.0,0.0
3279,2,b'\xc2\xaa',b'\xc2\xa7',0.0,0.0,0.0
3280,2,b'\xc2\xa7',b'\xc2\xa7',1.0,1.0,1.0
3281,2,b'\xc2\xa7',b'\xc2\xa7',1.0,1.0,1.0
3282,2,b'\xc2\xa7',b'\xc2\xa7',1.0,1.0,1.0
3283,2,b'\xc2\xa7',b'\xc2\xa7',1.0,1.0,1.0
3284,2,b'\xc2\xa7',b'\xc2\xa7',1.0,1.0,1.0
3285,2,b'\xc2\xa7',b'\xc2\xa7',1.0,1.0,1.0
3286,2,b'\xc2\xa7',b'\xc2\xa7',1.0,1.0,1.0
3287,2,b'\xc2\xaa',b'\xc2\xa7',0.0,0.0,0.0
3288,2,b'\xc2\xaa',b'\xc2\xa7',0.0,0.0,0.0
3290,2,b'\xc2\xa7',b'\xc2\xa7',1.0,1.0,1.0
3292,2,b'\xc2\xaa',b'\xc2\xa7',0.0,0.0,0.0
3293,2,b'\xc2\xa7',b'\xc2\xa7',1.0,1.0,1.0
3295,2,b'\xc2\xaa',b'\xc2\xa7',0.0,0.0,0.0
3296,2,b'\xc2\xa9',b'\xc2\xa9',1.0,1.0,1.0
3297,2,b'\xc2\xa7',b'\xc2\xa9',0.0,0.0,0.0
3298,2,b'\xc2\xa7',b'\xc2\xa7',1.0,1.0,1.0
3299,2,b'\xc2\xa7',b'\xc2\xa7',1.0,1.0,1.0
3300,2,b'\xc2\xa7',b'\xc2\xa7',1.0,1.0,1.0
3301,2,b'\xc2\xa7',b'\xc2\xa7',1.0,1.0,1.0
3302,2,b'\xc2\xa9',b'\xc2\xa9',1.0,1.0,1.0
3303,2,b'\xc2\xaa',b'\xc2\xa7',0.0,0.0,0.0
3304,2,b'\xc2\xaa',b'\xc2\xa7',0.0,0.0,0.0
3305,2,b'\xc2\xa7',b'\xc2\xa7',1.0,1.0,1.0
3306,2,b'\xc2\xa7',b'\xc2\xa7',1.0,1.0,1.0
3307,2,b'\xc2\xaa',b'\xc2\xa7',0.0,0.0,0.0
3308,2,b'\xc2\xaa',b'\xc2\xa7',0.0,0.0,0.0
3309,2,b'\xc2\xa7',b'\xc2\xa7',1.0,1.0,1.0
3310,2,b'\xc2\xa7',b'\xc2\xa7',1.0,1.0,1.0
3311,2,b'\xc2\xa7',b'\xc2\xa7',1.0,1.0,1.0
3312,2,b'\xc2\xa7',b'\xc2\xa7',1.0,1.0,1.0
3313,2,b'\xc2\xa7',b'\xc2\xa7',1.0,1.0,1.0
3316,2,b'\xc2\xa7',b'\xc2\xa7',1.0,1.0,1.0
3317,2,b'\xc2\xa7',b'\xc2\xa7',1.0,1.0,1.0
3318,2,b'\xc2\xaa',b'\xc2\xa7',0.0,0.0,0.0
3319,2,b'\xc2\xa7',b'\xc2\xa7',1.0,1.0,1.0
3320,2,b'\xc2\xa7',b'\xc2\xa7',1.0,1.0,1.0
3321,2,b'\xc2\xa7',b'\xc2\xa7',1.0,1.0,1.0
3322,2,b'\xc2\xaa',b'\xc2\xa7',0.0,0.0,0.0
3325,2,b'\xc2\xa3',b'\xc2\xa7',0.0,0.0,0.0
3326,2,b'\xc2\xa7',b'\xc2\xa7',1.0,1.0,1.0
3327,2,b'\xc2\xa7',b'\xc2\xa7',1.0,1.0,1.0
3328,2,b'\xc2\xa7',b'\xc2\xa7',1.0,1.0,1.0
3329,2,b'\xc2\xa7',b'\xc2\xa7',1.0,1.0,1.0
3330,2,b'\xc2\xa7',b'\xc2\xa7',1.0,1.0,1.0
3332,2,b'\xc2\xa7',b'\xc2\xa7',1.0,1.0,1.0
3333,2,b'\xc2\xa9',b'\xc2\xa7',0.0,0.0,0.0
3335,2,b'\xc2\xaa',b'\xc2\xa7',0.0,0.0,0.0
3337,2,b'\xc2\xa7',b'\xc2\xa7',1.0,1.0,1.0
3339,2,b'\xc2\xa7',b'\xc2\xa7',1.0,1.0,1.0
3340,2,b'\xc2\xa7',b'\xc2\xa7',1.0,1.0,1.0
3341,2,b'\xc2\xa7',b'\xc2\xa7',1.0,1.0,1.0
3342,2,b'\xc2\xaa',b'\xc2\xa7',0.0,0.0,0.0
3345,2,b'\xc2\xa9',b'\xc2\xa9',1.0,1.0,1.0
3346,2,b'\xc2\xa9',b'\xc2\xa9',1.0,1.0,1.0
3347,2,b'\xc2\xa7',b'',0.0,0.0,0.0
3348,2,b'\xc2\xaa',b'\xc2\xa7',0.0,0.0,0.0
3350,2,b'\xc2\xa7',b'\xc2\xa7',1.0,1.0,1.0
3352,2,b'\xc2\xa7',b'\xc2\xa7',1.0,1.0,1.0
3353,2,b'\xc2\xa7',b'\xc2\xa7',1.0,1.0,1.0
3354,2,b'\xc2\xa9',b'\xc2\xa9',1.0,1.0,1.0
3355,2,b'\xc2\xa7',b'\xc2\xa7',1.0,1.0,1.0
3356,2,b'\xc2\xa7',b'\xc2\xa7',1.0,1.0,1.0
3359,2,b'\xc2\xa9',b'\xc2\xa9',1.0,1.0,1.0
3361,2,b'\xc2\xa7',b'\xc2\xa7',1.0,1.0,1.0
3363,2,b'\xc2\xa7',b'\xc2\xa7',1.0,1.0,1.0
3364,2,b'\xc2\xaa',b'\xc2\xa9',0.0,0.0,0.0
3365,2,b'\xc2\xa7',b'\xc2\xa7',1.0,1.0,1.0
3366,2,b'\xc2\xa9',b'\xc2\xa9',1.0,1.0,1.0
3367,2,b'\xc2\xa7',b'\xc2\xa7',1.0,1.0,1.0
3368,2,b'\xc2\xa7',b'\xc2\xa7',1.0,1.0,1.0
3369,2,b'\xc2\xa7',b'\xc2\xa7',1.0,1.0,1.0
3370,2,b'\xc2\xa7',b'\xc2\xa7',1.0,1.0,1.0
3371,2,b'\xc2\xaa',b'\xc2\xa7',0.0,0.0,0.0
3374,2,b'\xc2\xa7',b'\xc2\xa7',1.0,1.0,1.0
3375,2,b'\xc2\xa7',b'\xc2\xa7',1.0,1.0,1.0
3377,2,b'\xc2\xa7',b'\xc2\xa7',1.0,1.0,1.0
3378,2,b'\xc2\xa7',b'\xc2\xa7',1.0,1.0,1.0
3379,2,b'\xc2\xa7',b'\xc2\xa7',1.0,1.0,1.0
3380,2,b'\xc2\xa7',b'\xc2\xa7',1.0,1.0,1.0
3381,2,b'\xc2\xa7',b'\xc2\xa7',1.0,1.0,1.0
3383,2,b'\xc2\xa7',b'\xc2\xa7',1.0,1.0,1.0
3384,2,b'\xc2\xa9',b'\xc2\xa9',1.0,1.0,1.0
3385,2,b'\xc2\xa9',b'\xc2\xa9',1.0,1.0,1.0
3386,2,b'\xc2\xa3',b'\xc2\xa7',0.0,0.0,0.0
3387,2,b'\xc2\xa7',b'\xc2\xa7',1.0,1.0,1.0
3388,2,b'\xc2\xa9',b'\xc2\xa7',0.0,0.0,0.0
3389,2,b'\xc2\xa7',b'\xc2\xa7',1.0,1.0,1.0
3390,2,b'\xc2\xa7',b'\xc2\xa7',1.0,1.0,1.0
3391,2,b'\xc2\xa9',b'\xc2\xa7',0.0,0.0,0.0
3392,2,b'\xc2\xa7',b'\xc2\xa7',1.0,1.0,1.0
3393,2,b'\xc2\xa7',b'\xc2\xa7',1.0,1.0,1.0
3394,2,b'\xc2\xa7',b'\xc2\xa7',1.0,1.0,1.0
3395,2,b'\xc2\xa7',b'\xc2\xa7',1.0,1.0,1.0
3396,2,b'\xc2\xa7',b'\xc2\xa7',1.0,1.0,1.0
3397,2,b'\xc2\xa7',b'\xc2\xa7',1.0,1.0,1.0
3399,2,b'\xc2\xa7',b'\xc2\xa7',1.0,1.0,1.0
3400,2,b'\xc2\xa9',b'\xc2\xa9',1.0,1.0,1.0
3401,2,b'\xc2\xa7',b'\xc2\xa7',1.0,1.0,1.0
3402,2,b'\xc2\xa7',b'\xc2\xa7',1.0,1.0,1.0
3404,2,b'\xc2\xa7',b'\xc2\xa7',1.0,1.0,1.0
3405,2,b'\xc2\xa9',b'\xc2\xa9',1.0,1.0,1.0
3406,2,b'\xc2\xaa',b'\xc2\xa7',0.0,0.0,0.0
3407,2,b'\xc2\xa7',b'\xc2\xa7',1.0,1.0,1.0
3408,2,b'\xc2\xaa',b'\xc2\xa7',0.0,0.0,0.0
3410,2,b'\xc2\xa3',b'\xc2\xa7',0.0,0.0,0.0
3411,2,b'\xc2\xa7',b'\xc2\xa7',1.0,1.0,1.0
3412,2,b'\xc2\xa7',b'\xc2\xa7',1.0,1.0,1.0
3413,2,b'\xc2\xaa',b'\xc2\xa7',0.0,0.0,0.0
3414,2,b'\xc2\xa7',b'\xc2\xa7',1.0,1.0,1.0
3415,2,b'\xc2\xaa',b'\xc2\xa7',0.0,0.0,0.0
3417,2,b'\xc2\xa7',b'\xc2\xa7',1.0,1.0,1.0
3420,2,b'\xc2\xa7',b'\xc2\xa7',1.0,1.0,1.0
3421,2,b'\xc2\xa7',b'\xc2\xa7',1.0,1.0,1.0
3422,2,b'\xc2\xa7',b'\xc2\xa7',1.0,1.0,1.0
3423,2,b'\xc2\xaa',b'\xc2\xa7',0.0,0.0,0.0
3424,2,b'\xc2\xaa',b'\xc2\xa7',0.0,0.0,0.0
3425,2,b'\xc2\xa7',b'\xc2\xa7',1.0,1.0,1.0
3426,2,b'\xc2\xa7',b'\xc2\xa7',1.0,1.0,1.0
3427,2,b'\xc2\xa7',b'\xc2\xa7',1.0,1.0,1.0
3428,2,b'\xc2\xa7',b'\xc2\xa7',1.0,1.0,1.0
3429,2,b'\xc2\xa7',b'\xc2\xa7',1.0,1.0,1.0
3430,2,b'\xc2\xa7',b'\xc2\xa7',1.0,1.0,1.0
3431,2,b'\xc2\xa9',b'\xc2\xa9',1.0,1.0,1.0
3432,2,b'\xc2\xaa',b'\xc2\xa7',0.0,0.0,0.0
3433,2,b'\xc2\xa9',b'\xc2\xa9',1.0,1.0,1.0
3434,2,b'\xc2\xaa',b'\xc2\xa7',0.0,0.0,0.0
3435,2,b'\xc2\xa9',b'\xc2\xa9',1.0,1.0,1.0
3437,2,b'\xc2\xa7',b'\xc2\xa7',1.0,1.0,1.0
3438,2,b'\xc2\xa7',b'\xc2\xa7',1.0,1.0,1.0
3441,2,b'\xc2\xa7',b'\xc2\xa7',1.0,1.0,1.0
3445,2,b'\xc2\xa7',b'\xc2\xa7',1.0,1.0,1.0
3446,2,b'\xc2\xa7',b'\xc2\xa7',1.0,1.0,1.0
3447,2,b'\xc2\xa7',b'\xc2\xa7',1.0,1.0,1.0
3450,2,b'\xc2\xaa',b'\xc2\xa7',0.0,0.0,0.0
3451,2,b'\xc2\xa9',b'\xc2\xa9',1.0,1.0,1.0
3452,2,b'\xc2\xa7',b'\xc2\xa7',1.0,1.0,1.0
3453,2,b'\xc2\xa9',b'\xc2\xa9',1.0,1.0,1.0
3455,2,b'\xc2\xa7',b'\xc2\xa7',1.0,1.0,1.0
3456,2,b'\xc2\xa2',b'\xc2\xa9',0.0,0.0,0.0
3457,2,b'\xc2\xaa',b'\xc2\xa7',0.0,0.0,0.0
3459,2,b'\xc2\xa9',b'\xc2\xa9',1.0,1.0,1.0
3460,2,b'\xc2\xa7',b'\xc2\xa7',1.0,1.0,1.0
3461,2,b'\xc2\xa7',b'\xc2\xa7',1.0,1.0,1.0
3463,2,b'\xc2\xa7',b'\xc2\xa7',1.0,1.0,1.0
3464,2,b'\xc2\xaa',b'\xc2\xa7',0.0,0.0,0.0
3466,2,b'\xc2\xa7',b'\xc2\xa7',1.0,1.0,1.0
3467,2,b'\xc2\xa7',b'\xc2\xa7',1.0,1.0,1.0
3468,2,b'\xc2\xa9',b'\xc2\xa9',1.0,1.0,1.0
3469,2,b'\xc2\xa7',b'\xc2\xa7',1.0,1.0,1.0
3470,2,b'\xc2\xa7',b'\xc2\xa7',1.0,1.0,1.0
3471,2,b'\xc2\xa7',b'\xc2\xa7',1.0,1.0,1.0
3472,2,b'\xc2\xaa',b'\xc2\xa7',0.0,0.0,0.0
3473,2,b'\xc2\xa7',b'\xc2\xa7',1.0,1.0,1.0
3474,2,b'\xc2\xa7',b'\xc2\xa7',1.0,1.0,1.0
3476,2,b'\xc2\xa9',b'\xc2\xa9',1.0,1.0,1.0
3477,2,b'\xc2\xa7',b'\xc2\xa7',1.0,1.0,1.0
3478,2,b'\xc2\xa7',b'\xc2\xa7',1.0,1.0,1.0
3479,2,b'\xc2\xaa',b'\xc2\xa7',0.0,0.0,0.0
3481,2,b'\xc2\xa9',b'\xc2\xa9',1.0,1.0,1.0
3482,2,b'\xc2\xa9',b'\xc2\xa9',1.0,1.0,1.0
3483,2,b'\xc2\xa7',b'\xc2\xa7',1.0,1.0,1.0
3485,2,b'\xc2\xa7',b'\xc2\xa7',1.0,1.0,1.0
3486,2,b'\xc2\xaa',b'\xc2\xa7',0.0,0.0,0.0
3488,2,b'\xc2\xa7',b'\xc2\xa7',1.0,1.0,1.0
3489,2,b'\xc2\xaa',b'\xc2\xa7',0.0,0.0,0.0
3490,2,b'\xc2\xaa',b'\xc2\xa7',0.0,0.0,0.0
3492,2,b'\xc2\xa7',b'\xc2\xa7',1.0,1.0,1.0
3493,2,b'\xc2\xa7',b'\xc2\xa7',1.0,1.0,1.0
3494,2,b'\xc2\xa7',b'\xc2\xa7',1.0,1.0,1.0
3495,2,b'\xc2\xa7',b'\xc2\xa7',1.0,1.0,1.0
3496,2,b'\xc2\xa7',b'\xc2\xa7',1.0,1.0,1.0
3497,2,b'\xc2\xa7',b'\xc2\xa7',1.0,1.0,1.0
3499,2,b'\xc2\xa7',b'\xc2\xa7',1.0,1.0,1.0
3500,2,b'\xc2\xa7',b'\xc2\xa7',1.0,1.0,1.0
3501,2,b'\xc2\xa7',b'\xc2\xa7',1.0,1.0,1.0
3502,2,b'\xc2\xa7',b'',0.0,0.0,0.0
3503,2,b'\xc2\xa7',b'\xc2\xa7',1.0,1.0,1.0
3504,2,b'\xc2\xa9',b'\xc2\xa9',1.0,1.0,1.0
3505,2,b'\xc2\xa7',b'\xc2\xa7',1.0,1.0,1.0
3506,2,b'\xc2\xaa',b'\xc2\xa7',0.0,0.0,0.0
3507,2,b'\xc2\xa7',b'\xc2\xa7',1.0,1.0,1.0
3508,2,b'\xc2\xa7',b'\xc2\xa7',1.0,1.0,1.0
3509,2,b'\xc2\xa9',b'\xc2\xa7',0.0,0.0,0.0
3510,2,b'\xc2\xa9',b'\xc2\xa9',1.0,1.0,1.0
3511,2,b'\xc2\xa7',b'\xc2\xa7',1.0,1.0,1.0
3512,2,b'\xc2\xa7',b'\xc2\xa7',1.0,1.0,1.0
3513,2,b'\xc2\xa7',b'\xc2\xa7',1.0,1.0,1.0
3514,2,b'\xc2\xa3',b'\xc2\xa7',0.0,0.0,0.0
3515,2,b'\xc2\xa7',b'\xc2\xa7',1.0,1.0,1.0
3518,2,b'\xc2\xa7',b'\xc2\xa7',1.0,1.0,1.0
3520,2,b'\xc2\xa7',b'\xc2\xa7',1.0,1.0,1.0
3521,2,b'\xc2\xa7',b'\xc2\xa7',1.0,1.0,1.0
3522,2,b'\xc2\xa7',b'\xc2\xa7',1.0,1.0,1.0
3523,2,b'\xc2\xa9',b'\xc2\xa9',1.0,1.0,1.0
3524,2,b'\xc2\xa7',b'\xc2\xa7',1.0,1.0,1.0
3525,2,b'\xc2\xaa',b'\xc2\xa7',0.0,0.0,0.0
3526,2,b'\xc2\xaa',b'\xc2\xa7',0.0,0.0,0.0
3527,2,b'\xc2\xa7',b'\xc2\xa7',1.0,1.0,1.0
3528,2,b'\xc2\xa7',b'\xc2\xa7',1.0,1.0,1.0
3531,2,b'\xc2\xaa',b'\xc2\xa7',0.0,0.0,0.0
3533,2,b'\xc2\xa2',b'\xc2\xa9',0.0,0.0,0.0
3534,2,b'\xc2\xa7',b'\xc2\xa7',1.0,1.0,1.0
3536,2,b'\xc2\xa7',b'\xc2\xa7',1.0,1.0,1.0
3538,2,b'\xc2\xa7',b'\xc2\xa7',1.0,1.0,1.0
3541,2,b'\xc2\xa9',b'\xc2\xa9',1.0,1.0,1.0
3544,2,b'\xc2\xa7',b'\xc2\xa7',1.0,1.0,1.0
3545,2,b'\xc2\xaa',b'\xc2\xa7',0.0,0.0,0.0
3547,2,b'\xc2\xa7',b'\xc2\xa7',1.0,1.0,1.0
3548,2,b'\xc2\xa7',b'\xc2\xa7',1.0,1.0,1.0
3549,2,b'\xc2\xaa',b'\xc2\xa7',0.0,0.0,0.0
3550,2,b'\xc2\xa7',b'\xc2\xa7',1.0,1.0,1.0
3553,2,b'\xc2\xa2',b'\xc2\xa9',0.0,0.0,0.0
3554,2,b'\xc2\xa7',b'\xc2\xa7',1.0,1.0,1.0
3555,2,b'\xc2\xaa',b'\xc2\xa7',0.0,0.0,0.0
3556,2,b'\xc2\xa7',b'\xc2\xa7',1.0,1.0,1.0
3557,2,b'\xc2\xa7',b'\xc2\xa7',1.0,1.0,1.0
3558,2,b'\xc2\xa7',b'\xc2\xa7',1.0,1.0,1.0
3559,2,b'\xc2\xa7',b'\xc2\xa7',1.0,1.0,1.0
3560,2,b'\xc2\xa7',b'\xc2\xa7',1.0,1.0,1.0
3561,2,b'\xc2\xaa',b'\xc2\xa7',0.0,0.0,0.0
3564,2,b'\xc2\xa7',b'\xc2\xa7',1.0,1.0,1.0
3566,2,b'\xc2\xa7',b'\xc2\xa7',1.0,1.0,1.0
3568,2,b'\xc2\xaa',b'\xc2\xa7',0.0,0.0,0.0
3570,2,b'\xc2\xa7',b'\xc2\xa7',1.0,1.0,1.0
3571,2,b'\xc2\xaa',b'\xc2\xa9',0.0,0.0,0.0
3574,2,b'\xc2\xa7',b'\xc2\xa7',1.0,1.0,1.0
3575,2,b'\xc2\xa7',b'\xc2\xa7',1.0,1.0,1.0
3576,2,b'\xc2\xa7',b'\xc2\xa7',1.0,1.0,1.0
3577,2,b'\xc2\xa7',b'\xc2\xa7',1.0,1.0,1.0
3578,2,b'\xc2\xa9',b'\xc2\xa7',0.0,0.0,0.0
3579,2,b'\xc2\xa7',b'\xc2\xa7',1.0,1.0,1.0
3580,2,b'\xc2\xa7',b'\xc2\xa7',1.0,1.0,1.0
3581,2,b'\xc2\xa7',b'\xc2\xa7',1.0,1.0,1.0
3584,2,b'\xc2\xa7',b'\xc2\xa7',1.0,1.0,1.0
3585,2,b'\xc2\xa7',b'\xc2\xa7',1.0,1.0,1.0
3586,2,b'\xc2\xaa',b'\xc2\xa7',0.0,0.0,0.0
3587,2,b'\xc2\xa7',b'\xc2\xa7',1.0,1.0,1.0
3588,2,b'\xc2\xa7',b'\xc2\xa7',1.0,1.0,1.0
3589,2,b'\xc2\xa7',b'\xc2\xa7',1.0,1.0,1.0
3590,2,b'\xc2\xa9',b'\xc2\xa9',1.0,1.0,1.0
3591,2,b'\xc2\xa7',b'\xc2\xa7',1.0,1.0,1.0
3593,2,b'\xc2\xa7',b'\xc2\xa7',1.0,1.0,1.0
3594,2,b'\xc2\xa7',b'\xc2\xa7',1.0,1.0,1.0
3595,2,b'\xc2\xa9',b'\xc2\xa9',1.0,1.0,1.0
3596,2,b'\xc2\xa7',b'\xc2\xa7',1.0,1.0,1.0
3597,2,b'\xc2\xa7',b'\xc2\xa7',1.0,1.0,1.0
3598,2,b'\xc2\xa7',b'\xc2\xa7',1.0,1.0,1.0
3602,2,b'\xc2\xa7',b'\xc2\xa7',1.0,1.0,1.0
3603,2,b'\xc2\xa7',b'\xc2\xa7',1.0,1.0,1.0
3604,2,b'\xc2\xaa',b'\xc2\xa7',0.0,0.0,0.0
3605,2,b'\xc2\xa2',b'\xc2\xa9',0.0,0.0,0.0
3606,2,b'\xc2\xa2',b'\xc2\xa9',0.0,0.0,0.0
3607,2,b'\xc2\xa7',b'\xc2\xa7',1.0,1.0,1.0
3608,2,b'\xc2\xa7',b'\xc2\xa7',1.0,1.0,1.0
3609,2,b'\xc2\xa7',b'\xc2\xa7',1.0,1.0,1.0
3610,2,b'\xc2\xa9',b'\xc2\xa9',1.0,1.0,1.0
3611,2,b'\xc2\xa9',b'\xc2\xa9',1.0,1.0,1.0
3612,2,b'\xc2\xa7',b'\xc2\xa7',1.0,1.0,1.0
3615,2,b'\xc2\xa9',b'\xc2\xa9',1.0,1.0,1.0
3616,2,b'\xc2\xa3',b'\xc2\xa7',0.0,0.0,0.0
3618,2,b'\xc2\xa7',b'\xc2\xa7',1.0,1.0,1.0
3619,2,b'\xc2\xa7',b'\xc2\xa7',1.0,1.0,1.0
3621,2,b'\xc2\xa9',b'\xc2\xa9',1.0,1.0,1.0
3623,2,b'\xc2\xa7',b'',0.0,0.0,0.0
3624,2,b'\xc2\xa9',b'\xc2\xa9',1.0,1.0,1.0
3625,2,b'\xc2\xa9',b'\xc2\xa9',1.0,1.0,1.0
3626,2,b'\xc2\xa7',b'\xc2\xa7',1.0,1.0,1.0
3627,2,b'\xc2\xa7',b'\xc2\xa7',1.0,1.0,1.0
3628,2,b'\xc2\xa7',b'\xc2\xa7',1.0,1.0,1.0
3629,2,b'\xc2\xa7',b'\xc2\xa7',1.0,1.0,1.0
3630,2,b'\xc2\xaa',b'\xc2\xa7',0.0,0.0,0.0
3631,2,b'\xc2\xa7',b'\xc2\xa7',1.0,1.0,1.0
3632,2,b'\xc2\xa7',b'\xc2\xa7',1.0,1.0,1.0
3633,2,b'\xc2\xa7',b'\xc2\xa7',1.0,1.0,1.0
3635,2,b'\xc2\xa7',b'\xc2\xa7',1.0,1.0,1.0
3636,2,b'\xc2\xa7',b'\xc2\xa7',1.0,1.0,1.0
3637,2,b'\xc2\xaa',b'\xc2\xa7',0.0,0.0,0.0
3638,2,b'\xc2\xa7',b'\xc2\xa7',1.0,1.0,1.0
3639,2,b'\xc2\xa7',b'\xc2\xa7',1.0,1.0,1.0
3640,2,b'\xc2\xa7',b'\xc2\xa7',1.0,1.0,1.0
3642,2,b'\xc2\xaa',b'\xc2\xa7',0.0,0.0,0.0
3644,2,b'\xc2\xa7',b'\xc2\xa7',1.0,1.0,1.0
3646,2,b'\xc2\xa9',b'\xc2\xa7',0.0,0.0,0.0
3647,2,b'\xc2\xa7',b'\xc2\xa7',1.0,1.0,1.0
3648,2,b'\xc2\xa7',b'\xc2\xa7',1.0,1.0,1.0
3649,2,b'\xc2\xa7',b'\xc2\xa7',1.0,1.0,1.0
3650,2,b'\xc2\xaa',b'\xc2\xa7',0.0,0.0,0.0
3651,2,b'\xc2\xa7',b'\xc2\xa7',1.0,1.0,1.0
3652,2,b'\xc2\xa7',b'\xc2\xa7',1.0,1.0,1.0
3654,2,b'\xc2\xa7',b'\xc2\xa7',1.0,1.0,1.0
3655,2,b'\xc2\xa7',b'\xc2\xa7',1.0,1.0,1.0
3657,2,b'\xc2\xa7',b'\xc2\xa7',1.0,1.0,1.0
3658,2,b'\xc2\xaa',b'\xc2\xa7',0.0,0.0,0.0
3659,2,b'\xc2\xa7',b'\xc2\xa7',1.0,1.0,1.0
3660,2,b'\xc2\xa7',b'\xc2\xa7',1.0,1.0,1.0
3661,2,b'\xc2\xa7',b'\xc2\xa7',1.0,1.0,1.0
3664,2,b'\xc2\xa7',b'\xc2\xa7',1.0,1.0,1.0
3665,2,b'\xc2\xaa',b'\xc2\xa7',0.0,0.0,0.0
3667,2,b'\xc2\xa7',b'\xc2\xa7',1.0,1.0,1.0
3668,2,b'\xc2\xa7',b'\xc2\xa7',1.0,1.0,1.0
3671,2,b'\xc2\xa7',b'\xc2\xa7',1.0,1.0,1.0
3672,2,b'\xc2\xa7',b'\xc2\xa7',1.0,1.0,1.0
3675,2,b'\xc2\xa7',b'\xc2\xa7',1.0,1.0,1.0
3679,2,b'\xc2\xa7',b'\xc2\xa7',1.0,1.0,1.0
3680,2,b'\xc2\xa7',b'\xc2\xa7',1.0,1.0,1.0
3681,2,b'\xc2\xa7',b'\xc2\xa7',1.0,1.0,1.0
3682,2,b'\xc2\xa7',b'\xc2\xa7',1.0,1.0,1.0
3683,2,b'\xc2\xa7',b'\xc2\xa7',1.0,1.0,1.0
3684,2,b'\xc2\xa7',b'\xc2\xa7',1.0,1.0,1.0
3685,2,b'\xc2\xa9',b'\xc2\xa9',1.0,1.0,1.0
3686,2,b'\xc2\xa7',b'\xc2\xa7',1.0,1.0,1.0
3687,2,b'\xc2\xaa',b'\xc2\xa7',0.0,0.0,0.0
3689,2,b'\xc2\xaa',b'\xc2\xa7',0.0,0.0,0.0
3690,2,b'\xc2\xa9',b'\xc2\xa9',1.0,1.0,1.0
3691,2,b'\xc2\xa9',b'\xc2\xa9',1.0,1.0,1.0
3693,2,b'\xc2\xa7',b'\xc2\xa7',1.0,1.0,1.0
3695,2,b'\xc2\xa7',b'\xc2\xa7',1.0,1.0,1.0
3697,2,b'\xc2\xaa',b'\xc2\xa7',0.0,0.0,0.0
3698,2,b'\xc2\xa7',b'\xc2\xa7',1.0,1.0,1.0
3699,2,b'\xc2\xa7',b'\xc2\xa7',1.0,1.0,1.0
3700,2,b'\xc2\xa7',b'\xc2\xa7',1.0,1.0,1.0
3701,2,b'\xc2\xa7',b'\xc2\xa7',1.0,1.0,1.0
3702,2,b'\xc2\xa7',b'\xc2\xa9',0.0,0.0,0.0
3703,2,b'\xc2\xa7',b'\xc2\xa7',1.0,1.0,1.0
3706,2,b'\xc2\xa7',b'\xc2\xa7',1.0,1.0,1.0
3707,2,b'\xc2\xa7',b'\xc2\xa7',1.0,1.0,1.0
3709,2,b'\xc2\xa7',b'\xc2\xa7',1.0,1.0,1.0
3710,2,b'\xc2\xa9',b'\xc2\xa9',1.0,1.0,1.0
3711,2,b'\xc2\xa7',b'\xc2\xa7',1.0,1.0,1.0
3712,2,b'\xc2\xa7',b'\xc2\xa7',1.0,1.0,1.0
3713,2,b'\xc2\xa7',b'\xc2\xa7',1.0,1.0,1.0
3714,2,b'\xc2\xa7',b'\xc2\xa7',1.0,1.0,1.0
3715,2,b'\xc2\xa7',b'\xc2\xa7',1.0,1.0,1.0
3716,2,b'\xc2\xa7',b'\xc2\xa7',1.0,1.0,1.0
3717,2,b'\xc2\xaa',b'\xc2\xa7',0.0,0.0,0.0
3718,2,b'\xc2\xa7',b'\xc2\xa7',1.0,1.0,1.0
3719,2,b'\xc2\xa7',b'\xc2\xa7',1.0,1.0,1.0
3720,2,b'\xc2\xa7',b'\xc2\xa7',1.0,1.0,1.0
3721,2,b'\xc2\xa7',b'\xc2\xa7',1.0,1.0,1.0
3722,2,b'\xc2\xa9',b'\xc2\xa9',1.0,1.0,1.0
3723,2,b'\xc2\xa7',b'\xc2\xa7',1.0,1.0,1.0
3724,2,b'\xc2\xa7',b'\xc2\xa7',1.0,1.0,1.0
3725,2,b'\xc2\xa7',b'',0.0,0.0,0.0
3726,2,b'\xc2\xa7',b'\xc2\xa7',1.0,1.0,1.0
3727,2,b'\xc2\xa7',b'\xc2\xa7',1.0,1.0,1.0
3728,2,b'\xc2\xa7',b'\xc2\xa9',0.0,0.0,0.0
3730,2,b'\xc2\xa7',b'\xc2\xa7',1.0,1.0,1.0
3731,2,b'\xc2\xa7',b'\xc2\xa7',1.0,1.0,1.0
3732,2,b'\xc2\xa7',b'\xc2\xa7',1.0,1.0,1.0
3733,2,b'\xc2\xa7',b'',0.0,0.0,0.0
3734,2,b'\xc2\xa7',b'\xc2\xa7',1.0,1.0,1.0
3735,2,b'\xc2\xa7',b'\xc2\xa7',1.0,1.0,1.0
3737,2,b'\xc2\xa7',b'\xc2\xa7',1.0,1.0,1.0
3738,2,b'\xc2\xa7',b'\xc2\xa7',1.0,1.0,1.0
3740,2,b'\xc2\xa9',b'\xc2\xa7',0.0,0.0,0.0
3741,2,b'\xc2\xa7',b'\xc2\xa7',1.0,1.0,1.0
3743,2,b'\xc2\xa7',b'\xc2\xa7',1.0,1.0,1.0
3744,2,b'\xc2\xaa',b'\xc2\xa7',0.0,0.0,0.0
3746,2,b'\xc2\xa7',b'\xc2\xa7',1.0,1.0,1.0
3747,2,b'\xc2\xa7',b'\xc2\xa7',1.0,1.0,1.0
3748,2,b'\xc2\xa9',b'\xc2\xa9',1.0,1.0,1.0
3749,2,b'\xc2\xa7',b'\xc2\xa7',1.0,1.0,1.0
3750,2,b'\xc2\xa7',b'\xc2\xa7',1.0,1.0,1.0
3751,2,b'\xc2\xa7',b'\xc2\xa7',1.0,1.0,1.0
3752,2,b'\xc2\xa7',b'\xc2\xa7',1.0,1.0,1.0
3753,2,b'\xc2\xa7',b'\xc2\xa7',1.0,1.0,1.0
3755,2,b'\xc2\xa7',b'\xc2\xa7',1.0,1.0,1.0
3756,2,b'\xc2\xa7',b'\xc2\xa7',1.0,1.0,1.0
3757,2,b'\xc2\xa9',b'\xc2\xa9',1.0,1.0,1.0
3758,2,b'\xc2\xa7',b'\xc2\xa7',1.0,1.0,1.0
3759,2,b'\xc2\xa9',b'\xc2\xa9',1.0,1.0,1.0
3762,2,b'\xc2\xa7',b'\xc2\xa7',1.0,1.0,1.0
3763,2,b'\xc2\xa7',b'\xc2\xa7',1.0,1.0,1.0
3764,2,b'\xc2\xa7',b'\xc2\xa7',1.0,1.0,1.0
3765,2,b'\xc2\xa7',b'\xc2\xa7',1.0,1.0,1.0
3767,2,b'\xc2\xa7',b'\xc2\xa7',1.0,1.0,1.0
3768,2,b'\xc2\xaa',b'\xc2\xa7',0.0,0.0,0.0
3769,2,b'\xc2\xa7',b'\xc2\xa7',1.0,1.0,1.0
3771,2,b'\xc2\xaa',b'\xc2\xa7',0.0,0.0,0.0
3772,2,b'\xc2\xa7',b'\xc2\xa7',1.0,1.0,1.0
3773,2,b'\xc2\xa7',b'\xc2\xa7',1.0,1.0,1.0
3774,2,b'\xc2\xaa',b'\xc2\xa7',0.0,0.0,0.0
3777,2,b'\xc2\xa7',b'\xc2\xa7',1.0,1.0,1.0
3778,2,b'\xc2\xa9',b'\xc2\xa7',0.0,0.0,0.0
3779,2,b'\xc2\xa5',b'\xc2\xa7',0.0,0.0,0.0
3780,2,b'\xc2\xa9',b'\xc2\xa9',1.0,1.0,1.0
3782,2,b'\xc2\xa9',b'\xc2\xa9',1.0,1.0,1.0
3783,2,b'\xc2\xa7',b'\xc2\xa7',1.0,1.0,1.0
3784,2,b'\xc2\xa7',b'\xc2\xa7',1.0,1.0,1.0
3785,2,b'\xc2\xa7',b'\xc2\xa7',1.0,1.0,1.0
3786,2,b'\xc2\xa7',b'\xc2\xa7',1.0,1.0,1.0
3788,2,b'\xc2\xa9',b'\xc2\xa9',1.0,1.0,1.0
3789,2,b'\xc2\xaa',b'\xc2\xa7',0.0,0.0,0.0
3790,2,b'\xc2\xa7',b'\xc2\xa7',1.0,1.0,1.0
3791,2,b'\xc2\xa7',b'\xc2\xa7',1.0,1.0,1.0
3792,2,b'\xc2\xa7',b'\xc2\xa7',1.0,1.0,1.0
3793,2,b'\xc2\xaa',b'\xc2\xa7',0.0,0.0,0.0
3794,2,b'\xc2\xa7',b'\xc2\xa7',1.0,1.0,1.0
3795,2,b'\xc2\xa9',b'\xc2\xa9',1.0,1.0,1.0
3796,2,b'\xc2\xa7',b'\xc2\xa7',1.0,1.0,1.0
3797,2,b'\xc2\xaa',b'\xc2\xa7',0.0,0.0,0.0
3799,2,b'\xc2\xa7',b'\xc2\xa7',1.0,1.0,1.0
3800,2,b'\xc2\xaa',b'\xc2\xa7',0.0,0.0,0.0
3801,2,b'\xc2\xa7',b'\xc2\xa7',1.0,1.0,1.0
3803,2,b'\xc2\xa7',b'\xc2\xa9',0.0,0.0,0.0
3804,2,b'\xc2\xaa',b'\xc2\xa7',0.0,0.0,0.0
3805,2,b'\xc2\xa7',b'\xc2\xa7',1.0,1.0,1.0
3806,2,b'\xc2\xaa',b'\xc2\xa7',0.0,0.0,0.0
3807,2,b'\xc2\xaa',b'\xc2\xa7',0.0,0.0,0.0
3809,2,b'\xc2\xa9',b'\xc2\xa9',1.0,1.0,1.0
3810,2,b'\xc2\xa7',b'\xc2\xa7',1.0,1.0,1.0
3811,2,b'\xc2\xa7',b'\xc2\xa7',1.0,1.0,1.0
3812,2,b'\xc2\xaa',b'\xc2\xa7',0.0,0.0,0.0
3813,2,b'\xc2\xaa',b'\xc2\xa7',0.0,0.0,0.0
3814,2,b'\xc2\xa7',b'\xc2\xa7',1.0,1.0,1.0
3815,2,b'\xc2\xa9',b'\xc2\xa9',1.0,1.0,1.0
3816,2,b'\xc2\xaa',b'\xc2\xa7',0.0,0.0,0.0
3817,2,b'\xc2\xa7',b'\xc2\xa7',1.0,1.0,1.0
3820,2,b'\xc2\xa7',b'\xc2\xa7',1.0,1.0,1.0
3821,2,b'\xc2\xa7',b'\xc2\xa7',1.0,1.0,1.0
3823,2,b'\xc2\xa7',b'\xc2\xa7',1.0,1.0,1.0
3824,2,b'\xc2\xa2',b'\xc2\xa9',0.0,0.0,0.0
3825,2,b'\xc2\xa7',b'\xc2\xa7',1.0,1.0,1.0
3826,2,b'\xc2\xa9',b'\xc2\xa9',1.0,1.0,1.0
3827,2,b'\xc2\xa7',b'\xc2\xa7',1.0,1.0,1.0
3828,2,b'\xc2\xaa',b'\xc2\xa7',0.0,0.0,0.0
3829,2,b'\xc2\xa7',b'\xc2\xa7',1.0,1.0,1.0
3830,2,b'\xc2\xa7',b'\xc2\xa7',1.0,1.0,1.0
3831,2,b'\xc2\xa7',b'\xc2\xa7',1.0,1.0,1.0
3833,2,b'\xc2\xa9',b'\xc2\xa9',1.0,1.0,1.0
3834,2,b'\xc2\xa7',b'\xc2\xa7',1.0,1.0,1.0
3835,2,b'\xc2\xa9',b'\xc2\xa9',1.0,1.0,1.0
3836,2,b'\xc2\xa7',b'\xc2\xa7',1.0,1.0,1.0
3837,2,b'\xc2\xa9',b'\xc2\xa9',1.0,1.0,1.0
3838,2,b'\xc2\xa7',b'\xc2\xa7',1.0,1.0,1.0
3839,2,b'\xc2\xa7',b'',0.0,0.0,0.0
3840,2,b'\xc2\xa7',b'\xc2\xa7',1.0,1.0,1.0
3841,2,b'\xc2\xa9',b'\xc2\xa9',1.0,1.0,1.0
3842,2,b'\xc2\xa7',b'\xc2\xa7',1.0,1.0,1.0
3843,2,b'\xc2\xa7',b'\xc2\xa7',1.0,1.0,1.0
3844,2,b'\xc2\xa7',b'\xc2\xa7',1.0,1.0,1.0
3845,2,b'\xc2\xa7',b'\xc2\xa7',1.0,1.0,1.0
3846,2,b'\xc2\xaa',b'\xc2\xa7',0.0,0.0,0.0
3847,2,b'\xc2\xaa',b'\xc2\xa7',0.0,0.0,0.0
3848,2,b'\xc2\xaa',b'\xc2\xa7',0.0,0.0,0.0
3849,2,b'\xc2\xa7',b'\xc2\xa7',1.0,1.0,1.0
3850,2,b'\xc2\xa7',b'\xc2\xa7',1.0,1.0,1.0
3851,2,b'\xc2\xa7',b'\xc2\xa7',1.0,1.0,1.0
3852,2,b'\xc2\xa7',b'\xc2\xa7',1.0,1.0,1.0
3853,2,b'\xc2\xa7',b'\xc2\xa7',1.0,1.0,1.0
3855,2,b'\xc2\xa7',b'\xc2\xa7',1.0,1.0,1.0
3856,2,b'\xc2\xa9',b'\xc2\xa9',1.0,1.0,1.0
3858,2,b'\xc2\xa7',b'\xc2\xa7',1.0,1.0,1.0
3859,2,b'\xc2\xa7',b'\xc2\xa7',1.0,1.0,1.0
3861,2,b'\xc2\xaa',b'\xc2\xa7',0.0,0.0,0.0
3862,2,b'\xc2\xa7',b'\xc2\xa7',1.0,1.0,1.0
3863,2,b'\xc2\xa7',b'\xc2\xa7',1.0,1.0,1.0
3864,2,b'\xc2\xa7',b'\xc2\xa7',1.0,1.0,1.0
3866,2,b'\xc2\xa7',b'\xc2\xa7',1.0,1.0,1.0
3867,2,b'\xc2\xaa',b'\xc2\xa7',0.0,0.0,0.0
3868,2,b'\xc2\xa7',b'\xc2\xa7',1.0,1.0,1.0
3869,2,b'\xc2\xaa',b'\xc2\xa7',0.0,0.0,0.0
3871,2,b'\xc2\xa7',b'\xc2\xa7',1.0,1.0,1.0
3872,2,b'\xc2\xa7',b'\xc2\xa7',1.0,1.0,1.0
3873,2,b'\xc2\xaa',b'\xc2\xa7',0.0,0.0,0.0
3874,2,b'\xc2\xa9',b'\xc2\xa9',1.0,1.0,1.0
3875,2,b'\xc2\xaa',b'\xc2\xa7',0.0,0.0,0.0
3876,2,b'\xc2\xa7',b'\xc2\xa7',1.0,1.0,1.0
3878,2,b'\xc2\xa7',b'\xc2\xa7',1.0,1.0,1.0
3879,2,b'\xc2\xa7',b'\xc2\xa7',1.0,1.0,1.0
3881,2,b'\xc2\xaa',b'\xc2\xa7',0.0,0.0,0.0
3882,2,b'\xc2\xa7',b'\xc2\xa7',1.0,1.0,1.0
3883,2,b'\xc2\xa9',b'\xc2\xa9',1.0,1.0,1.0
3885,2,b'\xc2\xa7',b'\xc2\xa7',1.0,1.0,1.0
3886,2,b'\xc2\xa2',b'\xc2\xa9',0.0,0.0,0.0
3887,2,b'\xc2\xa9',b'\xc2\xa9',1.0,1.0,1.0
3889,2,b'\xc2\xa7',b'\xc2\xa7',1.0,1.0,1.0
3891,2,b'\xc2\xa7',b'\xc2\xa7',1.0,1.0,1.0
3892,2,b'\xc2\xa7',b'\xc2\xa7',1.0,1.0,1.0
3893,2,b'\xc2\xaa',b'\xc2\xa7',0.0,0.0,0.0
3894,2,b'\xc2\xa7',b'\xc2\xa7',1.0,1.0,1.0
3895,2,b'\xc2\xaa',b'\xc2\xa7',0.0,0.0,0.0
3897,2,b'\xc2\xa5',b'\xc2\xa7',0.0,0.0,0.0
3898,2,b'\xc2\xa7',b'\xc2\xa7',1.0,1.0,1.0
3900,2,b'\xc2\xa7',b'\xc2\xa7',1.0,1.0,1.0
3901,2,b'\xc2\xa9',b'\xc2\xa9',1.0,1.0,1.0
3902,2,b'\xc2\xa7',b'\xc2\xa7',1.0,1.0,1.0
3903,2,b'\xc2\xaa',b'\xc2\xa7',0.0,0.0,0.0
3904,2,b'\xc2\xaa',b'\xc2\xa7',0.0,0.0,0.0
3906,2,b'\xc2\xa7',b'\xc2\xa7',1.0,1.0,1.0
3907,2,b'\xc2\xa7',b'\xc2\xa7',1.0,1.0,1.0
3908,2,b'\xc2\xa7',b'\xc2\xa7',1.0,1.0,1.0
3909,2,b'\xc2\xaa',b'\xc2\xa7',0.0,0.0,0.0
3910,2,b'\xc2\xa7',b'\xc2\xa7',1.0,1.0,1.0
3911,2,b'\xc2\xa9',b'\xc2\xa9',1.0,1.0,1.0
3914,2,b'\xc2\xa7',b'\xc2\xa7',1.0,1.0,1.0
3915,2,b'\xc2\xa7',b'\xc2\xa7',1.0,1.0,1.0
3917,2,b'\xc2\xa9',b'\xc2\xa9',1.0,1.0,1.0
3918,2,b'\xc2\xa7',b'\xc2\xa7',1.0,1.0,1.0
3919,2,b'\xc2\xa7',b'\xc2\xa7',1.0,1.0,1.0
3920,2,b'\xc2\xa7',b'\xc2\xa7',1.0,1.0,1.0
3921,2,b'\xc2\xa7',b'\xc2\xa7',1.0,1.0,1.0
3922,2,b'\xc2\xa7',b'\xc2\xa7',1.0,1.0,1.0
3923,2,b'\xc2\xa7',b'\xc2\xa7',1.0,1.0,1.0
3924,2,b'\xc2\xaa',b'\xc2\xa7',0.0,0.0,0.0
3925,2,b'\xc2\xa7',b'\xc2\xa7',1.0,1.0,1.0
3926,2,b'\xc2\xa7',b'\xc2\xa7',1.0,1.0,1.0
3927,2,b'\xc2\xa7',b'\xc2\xa7',1.0,1.0,1.0
3929,2,b'\xc2\xa7',b'\xc2\xa7',1.0,1.0,1.0
3931,2,b'\xc2\xa7',b'\xc2\xa7',1.0,1.0,1.0
3932,2,b'\xc2\xa7',b'\xc2\xa7',1.0,1.0,1.0
3933,2,b'\xc2\xa7',b'\xc2\xa7',1.0,1.0,1.0
3935,2,b'\xc2\xa7',b'\xc2\xa7',1.0,1.0,1.0
3936,2,b'\xc2\xa7',b'\xc2\xa7',1.0,1.0,1.0
3937,2,b'\xc2\xa7',b'\xc2\xa7',1.0,1.0,1.0
3938,2,b'\xc2\xa7',b'\xc2\xa7',1.0,1.0,1.0
3939,2,b'\xc2\xa7',b'\xc2\xa7',1.0,1.0,1.0
3940,2,b'\xc2\xa9',b'\xc2\xa9',1.0,1.0,1.0
3941,2,b'\xc2\xa9',b'\xc2\xa9',1.0,1.0,1.0
3943,2,b'\xc2\xa7',b'\xc2\xa7',1.0,1.0,1.0
3944,2,b'\xc2\xa7',b'\xc2\xa7',1.0,1.0,1.0
3945,2,b'\xc2\xa7',b'\xc2\xa7',1.0,1.0,1.0
3947,2,b'\xc2\xa9',b'\xc2\xa9',1.0,1.0,1.0
3948,2,b'\xc2\xaa',b'\xc2\xa7',0.0,0.0,0.0
3949,2,b'\xc2\xa7',b'\xc2\xa7',1.0,1.0,1.0
3950,2,b'\xc2\xa7',b'\xc2\xa7',1.0,1.0,1.0
3951,2,b'\xc2\xa7',b'\xc2\xa7',1.0,1.0,1.0
3952,2,b'\xc2\xa7',b'\xc2\xa7',1.0,1.0,1.0
3953,2,b'\xc2\xa7',b'\xc2\xa7',1.0,1.0,1.0
3954,2,b'\xc2\xa7',b'\xc2\xa7',1.0,1.0,1.0
3955,2,b'\xc2\xa7',b'\xc2\xa7',1.0,1.0,1.0
3956,2,b'\xc2\xa7',b'\xc2\xa7',1.0,1.0,1.0
3958,2,b'\xc2\xa7',b'\xc2\xa7',1.0,1.0,1.0
3959,2,b'\xc2\xaa',b'\xc2\xa7',0.0,0.0,0.0
3960,2,b'\xc2\xa9',b'\xc2\xa7',0.0,0.0,0.0
3961,2,b'\xc2\xa9',b'\xc2\xa9',1.0,1.0,1.0
3962,2,b'\xc2\xa9',b'\xc2\xa9',1.0,1.0,1.0
3964,2,b'\xc2\xa7',b'\xc2\xa7',1.0,1.0,1.0
3965,2,b'\xc2\xa7',b'\xc2\xa7',1.0,1.0,1.0
3966,2,b'\xc2\xaa',b'\xc2\xa7',0.0,0.0,0.0
3967,2,b'\xc2\xa7',b'\xc2\xa7',1.0,1.0,1.0
3968,2,b'\xc2\xa7',b'\xc2\xa7',1.0,1.0,1.0
3969,2,b'\xc2\xa7',b'\xc2\xa7',1.0,1.0,1.0
3970,2,b'\xc2\xa7',b'\xc2\xa7',1.0,1.0,1.0
3971,2,b'\xc2\xa7',b'\xc2\xa7',1.0,1.0,1.0
3972,2,b'\xc2\xa7',b'\xc2\xa7',1.0,1.0,1.0
3973,2,b'\xc2\xa7',b'\xc2\xa7',1.0,1.0,1.0
3975,2,b'\xc2\xaa',b'\xc2\xa7',0.0,0.0,0.0
3977,2,b'\xc2\xa7',b'\xc2\xa7',1.0,1.0,1.0
3978,2,b'\xc2\xa9',b'\xc2\xa9',1.0,1.0,1.0
3979,2,b'\xc2\xa7',b'\xc2\xa7',1.0,1.0,1.0
3980,2,b'\xc2\xa7',b'\xc2\xa7',1.0,1.0,1.0
3981,2,b'\xc2\xa7',b'\xc2\xa7',1.0,1.0,1.0
3982,2,b'\xc2\xa7',b'\xc2\xa7',1.0,1.0,1.0
3984,2,b'\xc2\xa7',b'\xc2\xa7',1.0,1.0,1.0
3985,2,b'\xc2\xa7',b'\xc2\xa7',1.0,1.0,1.0
3986,2,b'\xc2\xa7',b'\xc2\xa7',1.0,1.0,1.0
3987,2,b'\xc2\xa9',b'\xc2\xa9',1.0,1.0,1.0
3988,2,b'\xc2\xa9',b'\xc2\xa9',1.0,1.0,1.0
3989,2,b'\xc2\xa7',b'\xc2\xa7',1.0,1.0,1.0
3990,2,b'\xc2\xa7',b'\xc2\xa7',1.0,1.0,1.0
3991,2,b'\xc2\xa7',b'\xc2\xa7',1.0,1.0,1.0
3993,2,b'\xc2\xa9',b'\xc2\xa7',0.0,0.0,0.0
3994,2,b'\xc2\xa9',b'\xc2\xa9',1.0,1.0,1.0
3995,2,b'\xc2\xaa',b'\xc2\xa7',0.0,0.0,0.0
3996,2,b'\xc2\xa7',b'\xc2\xa7',1.0,1.0,1.0
3997,2,b'\xc2\xa7',b'\xc2\xa7',1.0,1.0,1.0
3998,2,b'\xc2\xa7',b'\xc2\xa7',1.0,1.0,1.0
3999,2,b'\xc2\xa7',b'\xc2\xa7',1.0,1.0,1.0
4000,2,b'\xc2\xa7',b'\xc2\xa7',1.0,1.0,1.0
4001,2,b'\xc2\xa7',b'\xc2\xa7',1.0,1.0,1.0
4002,2,b'\xc2\xa7',b'\xc2\xa7',1.0,1.0,1.0
4003,2,b'\xc2\xa9',b'\xc2\xa9',1.0,1.0,1.0
4005,2,b'\xc2\xaa',b'\xc2\xa7',0.0,0.0,0.0
4007,2,b'\xc2\xaa',b'\xc2\xa7',0.0,0.0,0.0
4008,2,b'\xc2\xaa',b'\xc2\xa7',0.0,0.0,0.0
4010,2,b'\xc2\xa7',b'\xc2\xa7',1.0,1.0,1.0
4011,2,b'\xc2\xa7',b'\xc2\xa7',1.0,1.0,1.0
4012,2,b'\xc2\xa9',b'\xc2\xa9',1.0,1.0,1.0
4013,2,b'\xc2\xa7',b'\xc2\xa7',1.0,1.0,1.0
4014,2,b'\xc2\xa7',b'\xc2\xa7',1.0,1.0,1.0
4015,2,b'\xc2\xa7',b'\xc2\xa7',1.0,1.0,1.0
4016,2,b'\xc2\xa7',b'\xc2\xa7',1.0,1.0,1.0
4018,2,b'\xc2\xa9',b'\xc2\xa9',1.0,1.0,1.0
4019,2,b'\xc2\xaa',b'\xc2\xa7',0.0,0.0,0.0
4020,2,b'\xc2\xa7',b'\xc2\xa7',1.0,1.0,1.0
4021,2,b'\xc2\xa7',b'\xc2\xa7',1.0,1.0,1.0
4022,2,b'\xc2\xa9',b'\xc2\xa9',1.0,1.0,1.0
4023,2,b'\xc2\xa7',b'\xc2\xa7',1.0,1.0,1.0
4024,2,b'\xc2\xa7',b'\xc2\xa7',1.0,1.0,1.0
4025,2,b'\xc2\xa7',b'\xc2\xa7',1.0,1.0,1.0
4027,2,b'\xc2\xa7',b'\xc2\xa7',1.0,1.0,1.0
4028,2,b'\xc2\xaa',b'\xc2\xa7',0.0,0.0,0.0
4029,2,b'\xc2\xa7',b'\xc2\xa7',1.0,1.0,1.0
4030,2,b'\xc2\xa7',b'\xc2\xa7',1.0,1.0,1.0
4032,2,b'\xc2\xa7',b'\xc2\xa9',0.0,0.0,0.0
4033,2,b'\xc2\xa7',b'\xc2\xa7',1.0,1.0,1.0
4034,2,b'\xc2\xaa',b'\xc2\xa7',0.0,0.0,0.0
4035,2,b'\xc2\xa7',b'\xc2\xa7',1.0,1.0,1.0
4036,2,b'\xc2\xa7',b'\xc2\xa7',1.0,1.0,1.0
4037,2,b'\xc2\xa7',b'\xc2\xa7',1.0,1.0,1.0
4038,2,b'\xc2\xaa',b'\xc2\xa7',0.0,0.0,0.0
4039,2,b'\xc2\xa7',b'\xc2\xa7',1.0,1.0,1.0
4040,2,b'\xc2\xaa',b'\xc2\xa7',0.0,0.0,0.0
4041,2,b'\xc2\xa7',b'\xc2\xa7',1.0,1.0,1.0
4043,2,b'\xc2\xa7',b'\xc2\xa7',1.0,1.0,1.0
4044,2,b'\xc2\xa9',b'\xc2\xa7',0.0,0.0,0.0
4045,2,b'\xc2\xa7',b'\xc2\xa7',1.0,1.0,1.0
4046,2,b'\xc2\xa7',b'\xc2\xa7',1.0,1.0,1.0
4047,2,b'\xc2\xa9',b'\xc2\xa9',1.0,1.0,1.0
4048,2,b'\xc2\xa7',b'\xc2\xa7',1.0,1.0,1.0
4049,2,b'\xc2\xaa',b'\xc2\xa7',0.0,0.0,0.0
4050,2,b'\xc2\xa9',b'\xc2\xa9',1.0,1.0,1.0
4051,2,b'\xc2\xa7',b'\xc2\xa7',1.0,1.0,1.0
4052,2,b'\xc2\xa7',b'\xc2\xa7',1.0,1.0,1.0
4053,2,b'\xc2\xa9',b'\xc2\xa9',1.0,1.0,1.0
4054,2,b'\xc2\xa7',b'\xc2\xa7',1.0,1.0,1.0
4055,2,b'\xc2\xa7',b'\xc2\xa7',1.0,1.0,1.0
4057,2,b'\xc2\xa7',b'\xc2\xa7',1.0,1.0,1.0
4058,2,b'\xc2\xaa',b'\xc2\xa7',0.0,0.0,0.0
4059,2,b'\xc2\xa9',b'\xc2\xa9',1.0,1.0,1.0
4060,2,b'\xc2\xaa',b'\xc2\xa7',0.0,0.0,0.0
4061,2,b'\xc2\xa7',b'\xc2\xa7',1.0,1.0,1.0
4062,2,b'\xc2\xa7',b'\xc2\xa7',1.0,1.0,1.0
4063,2,b'\xc2\xa7',b'\xc2\xa7',1.0,1.0,1.0
4064,2,b'\xc2\xaa',b'\xc2\xa7',0.0,0.0,0.0
4065,2,b'\xc2\xa9',b'\xc2\xa9',1.0,1.0,1.0
4066,2,b'\xc2\xa7',b'\xc2\xa7',1.0,1.0,1.0
4068,2,b'\xc2\xa7',b'\xc2\xa7',1.0,1.0,1.0
4070,2,b'\xc2\xa7',b'\xc2\xa7',1.0,1.0,1.0
4071,2,b'\xc2\xa7',b'\xc2\xa7',1.0,1.0,1.0
4072,2,b'\xc2\xa7',b'\xc2\xa7',1.0,1.0,1.0
4075,2,b'\xc2\xa9',b'\xc2\xa9',1.0,1.0,1.0
4076,2,b'\xc2\xa7',b'\xc2\xa7',1.0,1.0,1.0
4077,2,b'\xc2\xa9',b'\xc2\xa9',1.0,1.0,1.0
4078,2,b'\xc2\xa7',b'\xc2\xa7',1.0,1.0,1.0
4079,2,b'\xc2\xa7',b'\xc2\xa7',1.0,1.0,1.0
4080,2,b'\xc2\xa7',b'',0.0,0.0,0.0
4081,2,b'\xc2\xa9',b'\xc2\xa9',1.0,1.0,1.0
4082,2,b'\xc2\xa5',b'\xc2\xa7',0.0,0.0,0.0
4083,2,b'\xc2\xa7',b'\xc2\xa7',1.0,1.0,1.0
4085,2,b'\xc2\xa7',b'\xc2\xa9',0.0,0.0,0.0
4086,2,b'\xc2\xaa',b'\xc2\xa7',0.0,0.0,0.0
4087,2,b'\xc2\xaa',b'\xc2\xa7',0.0,0.0,0.0
4088,2,b'\xc2\xa7',b'\xc2\xa7',1.0,1.0,1.0
4089,2,b'\xc2\xaa',b'\xc2\xa7',0.0,0.0,0.0
4090,2,b'\xc2\xa7',b'\xc2\xa7',1.0,1.0,1.0
4091,2,b'\xc2\xa7',b'\xc2\xa7',1.0,1.0,1.0
4092,2,b'\xc2\xa7',b'\xc2\xa7',1.0,1.0,1.0
4093,2,b'\xc2\xa7',b'\xc2\xa7',1.0,1.0,1.0
4094,2,b'\xc2\xa7',b'\xc2\xa7',1.0,1.0,1.0
4095,2,b'\xc2\xa7',b'\xc2\xa7',1.0,1.0,1.0
4096,2,b'\xc2\xa7',b'\xc2\xa7',1.0,1.0,1.0
4098,2,b'\xc2\xa7',b'\xc2\xa7',1.0,1.0,1.0
4099,2,b'\xc2\xa7',b'\xc2\xa7',1.0,1.0,1.0
4100,2,b'\xc2\xaa',b'\xc2\xa7',0.0,0.0,0.0
4101,2,b'\xc2\xa7',b'\xc2\xa7',1.0,1.0,1.0
4104,2,b'\xc2\xa7',b'\xc2\xa7',1.0,1.0,1.0
4105,2,b'\xc2\xa7',b'\xc2\xa7',1.0,1.0,1.0
4106,2,b'\xc2\xa7',b'\xc2\xa7',1.0,1.0,1.0
4108,2,b'\xc2\xa7',b'\xc2\xa7',1.0,1.0,1.0
4109,2,b'\xc2\xa7',b'\xc2\xa7',1.0,1.0,1.0
4112,2,b'\xc2\xa7',b'',0.0,0.0,0.0
4113,2,b'\xc2\xa9',b'\xc2\xa9',1.0,1.0,1.0
4114,2,b'\xc2\xa7',b'\xc2\xa7',1.0,1.0,1.0
4115,2,b'\xc2\xa7',b'\xc2\xa7',1.0,1.0,1.0
4116,2,b'\xc2\xa7',b'\xc2\xa7',1.0,1.0,1.0
4118,2,b'\xc2\xa7',b'\xc2\xa7',1.0,1.0,1.0
4119,2,b'\xc2\xa7',b'\xc2\xa7',1.0,1.0,1.0
4120,2,b'\xc2\xa7',b'\xc2\xa7',1.0,1.0,1.0
4121,2,b'\xc2\xaa',b'\xc2\xa7',0.0,0.0,0.0
4122,2,b'\xc2\xa7',b'\xc2\xa7',1.0,1.0,1.0
4123,2,b'\xc2\xa7',b'\xc2\xa7',1.0,1.0,1.0
4124,2,b'\xc2\xaa',b'\xc2\xa7',0.0,0.0,0.0
4125,2,b'\xc2\xa7',b'\xc2\xa7',1.0,1.0,1.0
4126,2,b'\xc2\xaa',b'\xc2\xa7',0.0,0.0,0.0
4128,2,b'\xc2\xa9',b'\xc2\xa9',1.0,1.0,1.0
4129,2,b'\xc2\xa7',b'\xc2\xa7',1.0,1.0,1.0
4130,2,b'\xc2\xa9',b'\xc2\xa9',1.0,1.0,1.0
4131,2,b'\xc2\xa7',b'\xc2\xa7',1.0,1.0,1.0
4132,2,b'\xc2\xa7',b'\xc2\xa7',1.0,1.0,1.0
4133,2,b'\xc2\xa7',b'\xc2\xa7',1.0,1.0,1.0
4134,2,b'\xc2\xa9',b'\xc2\xa9',1.0,1.0,1.0
4135,2,b'\xc2\xa7',b'\xc2\xa7',1.0,1.0,1.0
4136,2,b'\xc2\xa7',b'\xc2\xa7',1.0,1.0,1.0
4137,2,b'\xc2\xa9',b'\xc2\xa9',1.0,1.0,1.0
4138,2,b'\xc2\xa7',b'\xc2\xa7',1.0,1.0,1.0
4140,2,b'\xc2\xa7',b'\xc2\xa7',1.0,1.0,1.0
4141,2,b'\xc2\xa7',b'\xc2\xa7',1.0,1.0,1.0
4142,2,b'\xc2\xaa',b'\xc2\xa7',0.0,0.0,0.0
4143,2,b'\xc2\xa9',b'\xc2\xa9',1.0,1.0,1.0
4144,2,b'\xc2\xa7',b'\xc2\xa7',1.0,1.0,1.0
4146,2,b'\xc2\xa7',b'\xc2\xa7',1.0,1.0,1.0
4148,2,b'\xc2\xa7',b'\xc2\xa7',1.0,1.0,1.0
4150,2,b'\xc2\xa9',b'\xc2\xa9',1.0,1.0,1.0
4151,2,b'\xc2\xa7',b'\xc2\xa7',1.0,1.0,1.0
4152,2,b'\xc2\xa9',b'\xc2\xa9',1.0,1.0,1.0
4153,2,b'\xc2\xaa',b'\xc2\xa7',0.0,0.0,0.0
4155,2,b'\xc2\xaa',b'\xc2\xa7',0.0,0.0,0.0
4157,2,b'\xc2\xaa',b'\xc2\xa7',0.0,0.0,0.0
4158,2,b'\xc2\xa7',b'\xc2\xa7',1.0,1.0,1.0
4159,2,b'\xc2\xa7',b'\xc2\xa7',1.0,1.0,1.0
4162,2,b'\xc2\xa7',b'\xc2\xa7',1.0,1.0,1.0
4163,2,b'\xc2\xa7',b'\xc2\xa7',1.0,1.0,1.0
4164,2,b'\xc2\xaa',b'\xc2\xa7',0.0,0.0,0.0
4166,2,b'\xc2\xaa',b'\xc2\xa7',0.0,0.0,0.0
4167,2,b'\xc2\xa7',b'\xc2\xa7',1.0,1.0,1.0
4168,2,b'\xc2\xa7',b'\xc2\xa7',1.0,1.0,1.0
4169,2,b'\xc2\xa7',b'\xc2\xa7',1.0,1.0,1.0
4170,2,b'\xc2\xa7',b'\xc2\xa7',1.0,1.0,1.0
4171,2,b'\xc2\xa7',b'\xc2\xa7',1.0,1.0,1.0
4173,2,b'\xc2\xa7',b'\xc2\xa7',1.0,1.0,1.0
4174,2,b'\xc2\xa7',b'\xc2\xa7',1.0,1.0,1.0
4175,2,b'\xc2\xa7',b'\xc2\xa7',1.0,1.0,1.0
4176,2,b'\xc2\xa7',b'\xc2\xa7',1.0,1.0,1.0
4177,2,b'\xc2\xaa',b'\xc2\xa7',0.0,0.0,0.0
4178,2,b'\xc2\xa9',b'\xc2\xa9',1.0,1.0,1.0
4179,2,b'\xc2\xa9',b'\xc2\xa9',1.0,1.0,1.0
4180,2,b'\xc2\xa7',b'\xc2\xa7',1.0,1.0,1.0
4181,2,b'\xc2\xaa',b'\xc2\xa7',0.0,0.0,0.0
4182,2,b'\xc2\xa7',b'\xc2\xa7',1.0,1.0,1.0
4184,2,b'\xc2\xaa',b'\xc2\xa7',0.0,0.0,0.0
4186,2,b'\xc2\xa7',b'\xc2\xa7',1.0,1.0,1.0
4188,2,b'\xc2\xa7',b'\xc2\xa7',1.0,1.0,1.0
4189,2,b'\xc2\xa7',b'\xc2\xa7',1.0,1.0,1.0
4190,2,b'\xc2\xa7',b'\xc2\xa7',1.0,1.0,1.0
4191,2,b'\xc2\xa7',b'',0.0,0.0,0.0
4192,2,b'\xc2\xa7',b'\xc2\xa7',1.0,1.0,1.0
4193,2,b'\xc2\xa7',b'\xc2\xa7',1.0,1.0,1.0
4195,2,b'\xc2\xaa',b'\xc2\xa7',0.0,0.0,0.0
4196,2,b'\xc2\xa7',b'\xc2\xa7',1.0,1.0,1.0
4198,2,b'\xc2\xa7',b'\xc2\xa7',1.0,1.0,1.0
4199,2,b'\xc2\xa7',b'\xc2\xa7',1.0,1.0,1.0
4200,2,b'\xc2\xa7',b'\xc2\xa7',1.0,1.0,1.0
4201,2,b'\xc2\xa7',b'\xc2\xa7',1.0,1.0,1.0
4202,2,b'\xc2\xa7',b'\xc2\xa7',1.0,1.0,1.0
4203,2,b'\xc2\xa7',b'\xc2\xa7',1.0,1.0,1.0
4204,2,b'\xc2\xa7',b'\xc2\xa7',1.0,1.0,1.0
4205,2,b'\xc2\xa7',b'\xc2\xa7',1.0,1.0,1.0
4207,2,b'\xc2\xa2',b'\xc2\xa9',0.0,0.0,0.0
4208,2,b'\xc2\xa7',b'\xc2\xa7',1.0,1.0,1.0
4209,2,b'\xc2\xa7',b'\xc2\xa7',1.0,1.0,1.0
4210,2,b'\xc2\xa7',b'\xc2\xa7',1.0,1.0,1.0
4211,2,b'\xc2\xa7',b'\xc2\xa7',1.0,1.0,1.0
4213,2,b'\xc2\xa9',b'\xc2\xa9',1.0,1.0,1.0
4214,2,b'\xc2\xa7',b'\xc2\xa7',1.0,1.0,1.0
4215,2,b'\xc2\xa7',b'\xc2\xa9',0.0,0.0,0.0
4216,2,b'\xc2\xa7',b'\xc2\xa7',1.0,1.0,1.0
4217,2,b'\xc2\xa7',b'\xc2\xa7',1.0,1.0,1.0
4218,2,b'\xc2\xa7',b'\xc2\xa7',1.0,1.0,1.0
4219,2,b'\xc2\xa9',b'\xc2\xa9',1.0,1.0,1.0
4220,2,b'\xc2\xa7',b'\xc2\xa7',1.0,1.0,1.0
4221,2,b'\xc2\xaa',b'\xc2\xa7',0.0,0.0,0.0
4222,2,b'\xc2\xaa',b'\xc2\xa7',0.0,0.0,0.0
4223,2,b'\xc2\xa9',b'\xc2\xa9',1.0,1.0,1.0
4224,2,b'\xc2\xa7',b'\xc2\xa7',1.0,1.0,1.0
4225,2,b'\xc2\xa7',b'\xc2\xa7',1.0,1.0,1.0
4226,2,b'\xc2\xa7',b'\xc2\xa7',1.0,1.0,1.0
4227,2,b'\xc2\xa7',b'\xc2\xa7',1.0,1.0,1.0
4228,2,b'\xc2\xa9',b'\xc2\xa7',0.0,0.0,0.0
4229,2,b'\xc2\xa7',b'\xc2\xa7',1.0,1.0,1.0
4230,2,b'\xc2\xaa',b'\xc2\xa7',0.0,0.0,0.0
4232,2,b'\xc2\xa7',b'\xc2\xa7',1.0,1.0,1.0
4233,2,b'\xc2\xa7',b'\xc2\xa7',1.0,1.0,1.0
4234,2,b'\xc2\xa7',b'\xc2\xa7',1.0,1.0,1.0
4236,2,b'\xc2\xa7',b'\xc2\xa7',1.0,1.0,1.0
4237,2,b'\xc2\xa9',b'\xc2\xa9',1.0,1.0,1.0
4238,2,b'\xc2\xa7',b'\xc2\xa7',1.0,1.0,1.0
4239,2,b'\xc2\xa7',b'\xc2\xa7',1.0,1.0,1.0
4240,2,b'\xc2\xa7',b'\xc2\xa7',1.0,1.0,1.0
4243,2,b'\xc2\xa9',b'\xc2\xa9',1.0,1.0,1.0
4244,2,b'\xc2\xaa',b'\xc2\xa7',0.0,0.0,0.0
4245,2,b'\xc2\xaa',b'\xc2\xa7',0.0,0.0,0.0
4246,2,b'\xc2\xa7',b'\xc2\xa7',1.0,1.0,1.0
4247,2,b'\xc2\xa7',b'\xc2\xa7',1.0,1.0,1.0
4249,2,b'\xc2\xa7',b'\xc2\xa7',1.0,1.0,1.0
4250,2,b'\xc2\xaa',b'\xc2\xa7',0.0,0.0,0.0
4251,2,b'\xc2\xa7',b'\xc2\xa7',1.0,1.0,1.0
4252,2,b'\xc2\xa7',b'\xc2\xa7',1.0,1.0,1.0
4253,2,b'\xc2\xaa',b'\xc2\xa7',0.0,0.0,0.0
4254,2,b'\xc2\xaa',b'\xc2\xa7',0.0,0.0,0.0
4256,2,b'\xc2\xa7',b'\xc2\xa7',1.0,1.0,1.0
4258,2,b'\xc2\xa7',b'\xc2\xa7',1.0,1.0,1.0
4260,2,b'\xc2\xa7',b'\xc2\xa7',1.0,1.0,1.0
4261,2,b'\xc2\xaa',b'\xc2\xa7',0.0,0.0,0.0
4262,2,b'\xc2\xa7',b'\xc2\xa7',1.0,1.0,1.0
4263,2,b'\xc2\xaa',b'\xc2\xa7',0.0,0.0,0.0
4264,2,b'\xc2\xa7',b'\xc2\xa7',1.0,1.0,1.0
4266,2,b'\xc2\xa9',b'\xc2\xa9',1.0,1.0,1.0
4267,2,b'\xc2\xa7',b'\xc2\xa7',1.0,1.0,1.0
4269,2,b'\xc2\xaa',b'\xc2\xa7',0.0,0.0,0.0
4270,2,b'\xc2\xa7',b'\xc2\xa7',1.0,1.0,1.0
4271,2,b'\xc2\xa7',b'\xc2\xa7',1.0,1.0,1.0
4272,2,b'\xc2\xa7',b'\xc2\xa7',1.0,1.0,1.0
4273,2,b'\xc2\xa9',b'\xc2\xa9',1.0,1.0,1.0
4274,2,b'\xc2\xa7',b'\xc2\xa7',1.0,1.0,1.0
4275,2,b'\xc2\xaa',b'\xc2\xa7',0.0,0.0,0.0
4276,2,b'\xc2\xa7',b'\xc2\xa7',1.0,1.0,1.0
4277,2,b'\xc2\xa7',b'\xc2\xa7',1.0,1.0,1.0
4278,2,b'\xc2\xa7',b'\xc2\xa7',1.0,1.0,1.0
4279,2,b'\xc2\xa9',b'\xc2\xa9',1.0,1.0,1.0
4280,2,b'\xc2\xaa',b'\xc2\xa7',0.0,0.0,0.0
4281,2,b'\xc2\xa7',b'\xc2\xa7',1.0,1.0,1.0
4282,2,b'\xc2\xa7',b'\xc2\xa7',1.0,1.0,1.0
4283,2,b'\xc2\xa7',b'\xc2\xa7',1.0,1.0,1.0
4284,2,b'\xc2\xa9',b'\xc2\xa9',1.0,1.0,1.0
4285,2,b'\xc2\xa9',b'\xc2\xa9',1.0,1.0,1.0
4286,2,b'\xc2\xa7',b'\xc2\xa7',1.0,1.0,1.0
4287,2,b'\xc2\xa9',b'\xc2\xa9',1.0,1.0,1.0
4288,2,b'\xc2\xa7',b'\xc2\xa7',1.0,1.0,1.0
4290,2,b'\xc2\xa7',b'\xc2\xa7',1.0,1.0,1.0
4292,2,b'\xc2\xa7',b'\xc2\xa7',1.0,1.0,1.0
4293,2,b'\xc2\xa7',b'\xc2\xa7',1.0,1.0,1.0
4294,2,b'\xc2\xa9',b'\xc2\xa9',1.0,1.0,1.0
4295,2,b'\xc2\xa7',b'\xc2\xa7',1.0,1.0,1.0
4296,2,b'\xc2\xa7',b'\xc2\xa7',1.0,1.0,1.0
4297,2,b'\xc2\xa7',b'\xc2\xa7',1.0,1.0,1.0
4299,2,b'\xc2\xa7',b'\xc2\xa7',1.0,1.0,1.0
4302,2,b'\xc2\xa7',b'\xc2\xa7',1.0,1.0,1.0
4303,2,b'\xc2\xa7',b'\xc2\xa7',1.0,1.0,1.0
4304,2,b'\xc2\xa9',b'\xc2\xa7',0.0,0.0,0.0
4305,2,b'\xc2\xaa',b'\xc2\xa7',0.0,0.0,0.0
4306,2,b'\xc2\xa7',b'\xc2\xa7',1.0,1.0,1.0
4307,2,b'\xc2\xa7',b'\xc2\xa7',1.0,1.0,1.0
4308,2,b'\xc2\xa7',b'\xc2\xa7',1.0,1.0,1.0
4309,2,b'\xc2\xaa',b'\xc2\xa7',0.0,0.0,0.0
4310,2,b'\xc2\xa7',b'\xc2\xa7',1.0,1.0,1.0
4311,2,b'\xc2\xa7',b'\xc2\xa7',1.0,1.0,1.0
4312,2,b'\xc2\xa7',b'\xc2\xa7',1.0,1.0,1.0
4313,2,b'\xc2\xa7',b'\xc2\xa7',1.0,1.0,1.0
4314,2,b'\xc2\xaa',b'\xc2\xa7',0.0,0.0,0.0
4315,2,b'\xc2\xa7',b'\xc2\xa7',1.0,1.0,1.0
4316,2,b'\xc2\xa7',b'\xc2\xa7',1.0,1.0,1.0
4317,2,b'\xc2\xa7',b'',0.0,0.0,0.0
4318,2,b'\xc2\xa7',b'\xc2\xa7',1.0,1.0,1.0
4319,2,b'\xc2\xa7',b'\xc2\xa7',1.0,1.0,1.0
4320,2,b'\xc2\xa7',b'\xc2\xa7',1.0,1.0,1.0
4321,2,b'\xc2\xa7',b'\xc2\xa7',1.0,1.0,1.0
4322,2,b'\xc2\xa9',b'\xc2\xa9',1.0,1.0,1.0
4323,2,b'\xc2\xaa',b'\xc2\xa7',0.0,0.0,0.0
4326,2,b'\xc2\xaa',b'\xc2\xa7',0.0,0.0,0.0
4327,2,b'\xc2\xaa',b'\xc2\xa7',0.0,0.0,0.0
4328,2,b'\xc2\xa7',b'\xc2\xa7',1.0,1.0,1.0
4329,2,b'\xc2\xa9',b'\xc2\xa9',1.0,1.0,1.0
4330,2,b'\xc2\xaa',b'\xc2\xa7',0.0,0.0,0.0
4331,2,b'\xc2\xa7',b'\xc2\xa7',1.0,1.0,1.0
4333,2,b'\xc2\xa7',b'\xc2\xa7',1.0,1.0,1.0
4334,2,b'\xc2\xa7',b'\xc2\xa7',1.0,1.0,1.0
4335,2,b'\xc2\xa7',b'\xc2\xa7',1.0,1.0,1.0
4336,2,b'\xc2\xaa',b'\xc2\xa7',0.0,0.0,0.0
4339,2,b'\xc2\xa9',b'\xc2\xa9',1.0,1.0,1.0
4340,2,b'\xc2\xa7',b'\xc2\xa7',1.0,1.0,1.0
4341,2,b'\xc2\xa7',b'\xc2\xa7',1.0,1.0,1.0
4342,2,b'\xc2\xa7',b'\xc2\xa7',1.0,1.0,1.0
4343,2,b'\xc2\xa7',b'\xc2\xa7',1.0,1.0,1.0
4344,2,b'\xc2\xa7',b'\xc2\xa7',1.0,1.0,1.0
4345,2,b'\xc2\xa7',b'\xc2\xa7',1.0,1.0,1.0
4346,2,b'\xc2\xa7',b'\xc2\xa7',1.0,1.0,1.0
4347,2,b'\xc2\xa7',b'\xc2\xa7',1.0,1.0,1.0
4349,2,b'\xc2\xa7',b'\xc2\xa7',1.0,1.0,1.0
4350,2,b'\xc2\xa9',b'\xc2\xa9',1.0,1.0,1.0
4355,2,b'\xc2\xa7',b'\xc2\xa7',1.0,1.0,1.0
4356,2,b'\xc2\xaa',b'\xc2\xa7',0.0,0.0,0.0
4357,2,b'\xc2\xa7',b'',0.0,0.0,0.0
4358,2,b'\xc2\xa7',b'\xc2\xa7',1.0,1.0,1.0
4359,2,b'\xc2\xaa',b'\xc2\xa7',0.0,0.0,0.0
4360,2,b'\xc2\xa7',b'\xc2\xa7',1.0,1.0,1.0
4362,2,b'\xc2\xa7',b'\xc2\xa7',1.0,1.0,1.0
4363,2,b'\xc2\xa2',b'\xc2\xa9',0.0,0.0,0.0
4364,2,b'\xc2\xa7',b'\xc2\xa7',1.0,1.0,1.0
4365,2,b'\xc2\xaa',b'\xc2\xa7',0.0,0.0,0.0
4366,2,b'\xc2\xa7',b'\xc2\xa7',1.0,1.0,1.0
4368,2,b'\xc2\xa7',b'\xc2\xa7',1.0,1.0,1.0
4371,2,b'\xc2\xa7',b'',0.0,0.0,0.0
4373,2,b'\xc2\xa7',b'\xc2\xa7',1.0,1.0,1.0
4374,2,b'\xc2\xa7',b'\xc2\xa7',1.0,1.0,1.0
4375,2,b'\xc2\xa9',b'\xc2\xa9',1.0,1.0,1.0
4376,2,b'\xc2\xa7',b'\xc2\xa7',1.0,1.0,1.0
4377,2,b'\xc2\xa7',b'\xc2\xa7',1.0,1.0,1.0
4378,2,b'\xc2\xa9',b'\xc2\xa9',1.0,1.0,1.0
4379,2,b'\xc2\xa7',b'\xc2\xa7',1.0,1.0,1.0
4380,2,b'\xc2\xa7',b'\xc2\xa7',1.0,1.0,1.0
4381,2,b'\xc2\xaa',b'\xc2\xa7',0.0,0.0,0.0
4382,2,b'\xc2\xa7',b'\xc2\xa7',1.0,1.0,1.0
4384,2,b'\xc2\xa7',b'\xc2\xa7',1.0,1.0,1.0
4386,2,b'\xc2\xa7',b'\xc2\xa7',1.0,1.0,1.0
4387,2,b'\xc2\xa2',b'\xc2\xa9',0.0,0.0,0.0
4390,2,b'\xc2\xa7',b'\xc2\xa7',1.0,1.0,1.0
4391,2,b'\xc2\xa7',b'\xc2\xa7',1.0,1.0,1.0
4392,2,b'\xc2\xa9',b'\xc2\xa9',1.0,1.0,1.0
4393,2,b'\xc2\xa7',b'\xc2\xa7',1.0,1.0,1.0
4394,2,b'\xc2\xa7',b'\xc2\xa7',1.0,1.0,1.0
4395,2,b'\xc2\xaa',b'\xc2\xa7',0.0,0.0,0.0
4396,2,b'\xc2\xa7',b'\xc2\xa7',1.0,1.0,1.0
4397,2,b'\xc2\xa7',b'\xc2\xa7',1.0,1.0,1.0
4399,2,b'\xc2\xa9',b'\xc2\xa7',0.0,0.0,0.0
4400,2,b'\xc2\xaa',b'\xc2\xa7',0.0,0.0,0.0
4401,2,b'\xc2\xa7',b'\xc2\xa7',1.0,1.0,1.0
4402,2,b'\xc2\xaa',b'\xc2\xa7',0.0,0.0,0.0
4403,2,b'\xc2\xa7',b'\xc2\xa7',1.0,1.0,1.0
4404,2,b'\xc2\xaa',b'\xc2\xa7',0.0,0.0,0.0
4405,2,b'\xc2\xa7',b'\xc2\xa7',1.0,1.0,1.0
4406,2,b'\xc2\xa9',b'\xc2\xa7',0.0,0.0,0.0
4408,2,b'\xc2\xa7',b'\xc2\xa7',1.0,1.0,1.0
4409,2,b'\xc2\xaa',b'\xc2\xa7',0.0,0.0,0.0
4411,2,b'\xc2\xaa',b'\xc2\xa7',0.0,0.0,0.0
4412,2,b'\xc2\xa9',b'\xc2\xa9',1.0,1.0,1.0
4413,2,b'\xc2\xa7',b'\xc2\xa7',1.0,1.0,1.0
4414,2,b'\xc2\xa9',b'\xc2\xa7',0.0,0.0,0.0
4416,2,b'\xc2\xa9',b'\xc2\xa7',0.0,0.0,0.0
4418,2,b'\xc2\xa7',b'\xc2\xa7',1.0,1.0,1.0
4419,2,b'\xc2\xa7',b'\xc2\xa9',0.0,0.0,0.0
4420,2,b'\xc2\xa7',b'\xc2\xa7',1.0,1.0,1.0
4422,2,b'\xc2\xa7',b'\xc2\xa7',1.0,1.0,1.0
4425,2,b'\xc2\xa7',b'\xc2\xa7',1.0,1.0,1.0
4427,2,b'\xc2\xaa',b'\xc2\xa7',0.0,0.0,0.0
4428,2,b'\xc2\xa7',b'\xc2\xa7',1.0,1.0,1.0
4429,2,b'\xc2\xa7',b'\xc2\xa7',1.0,1.0,1.0
4430,2,b'\xc2\xa7',b'\xc2\xa7',1.0,1.0,1.0
4432,2,b'\xc2\xa7',b'\xc2\xa7',1.0,1.0,1.0
4433,2,b'\xc2\xa7',b'\xc2\xa7',1.0,1.0,1.0
4434,2,b'\xc2\xaa',b'\xc2\xa7',0.0,0.0,0.0
4435,2,b'\xc2\xa7',b'\xc2\xa7',1.0,1.0,1.0
4436,2,b'\xc2\xa7',b'\xc2\xa7',1.0,1.0,1.0
4437,2,b'\xc2\xa7',b'\xc2\xa7',1.0,1.0,1.0
4438,2,b'\xc2\xa7',b'\xc2\xa7',1.0,1.0,1.0
4439,2,b'\xc2\xa7',b'\xc2\xa7',1.0,1.0,1.0
4440,2,b'\xc2\xa7',b'\xc2\xa7',1.0,1.0,1.0
4441,2,b'\xc2\xa7',b'\xc2\xa7',1.0,1.0,1.0
4442,2,b'\xc2\xa2',b'\xc2\xa9',0.0,0.0,0.0
4443,2,b'\xc2\xa7',b'\xc2\xa7',1.0,1.0,1.0
4444,2,b'\xc2\xa7',b'\xc2\xa7',1.0,1.0,1.0
4445,2,b'\xc2\xa7',b'\xc2\xa7',1.0,1.0,1.0
4446,2,b'\xc2\xa7',b'\xc2\xa7',1.0,1.0,1.0
4447,2,b'\xc2\xa7',b'\xc2\xa7',1.0,1.0,1.0
4448,2,b'\xc2\xa7',b'\xc2\xa7',1.0,1.0,1.0
4449,2,b'\xc2\xa7',b'\xc2\xa7',1.0,1.0,1.0
4450,2,b'\xc2\xa9',b'\xc2\xa9',1.0,1.0,1.0
4451,2,b'\xc2\xa7',b'\xc2\xa7',1.0,1.0,1.0
4452,2,b'\xc2\xa7',b'\xc2\xa7',1.0,1.0,1.0
4453,2,b'\xc2\xaa',b'\xc2\xa7',0.0,0.0,0.0
4454,2,b'\xc2\xaa',b'\xc2\xa7',0.0,0.0,0.0
4455,2,b'\xc2\xa7',b'\xc2\xa7',1.0,1.0,1.0
4457,2,b'\xc2\xa7',b'\xc2\xa7',1.0,1.0,1.0
4458,2,b'\xc2\xa9',b'\xc2\xa7',0.0,0.0,0.0
4459,2,b'\xc2\xaa',b'\xc2\xa7',0.0,0.0,0.0
4460,2,b'\xc2\xa7',b'\xc2\xa7',1.0,1.0,1.0
4461,2,b'\xc2\xa7',b'\xc2\xa7',1.0,1.0,1.0
4462,2,b'\xc2\xa7',b'\xc2\xa7',1.0,1.0,1.0
4464,2,b'\xc2\xa9',b'\xc2\xa9',1.0,1.0,1.0
4466,2,b'\xc2\xa7',b'\xc2\xa9',0.0,0.0,0.0
4467,2,b'\xc2\xa2',b'\xc2\xa9',0.0,0.0,0.0
4469,2,b'\xc2\xa7',b'\xc2\xa7',1.0,1.0,1.0
4470,2,b'\xc2\xa7',b'\xc2\xa7',1.0,1.0,1.0
4471,2,b'\xc2\xa7',b'\xc2\xa7',1.0,1.0,1.0
4472,2,b'\xc2\xa7',b'\xc2\xa7',1.0,1.0,1.0
4473,2,b'\xc2\xa7',b'\xc2\xa7',1.0,1.0,1.0
4474,2,b'\xc2\xa7',b'\xc2\xa7',1.0,1.0,1.0
4475,2,b'\xc2\xa7',b'\xc2\xa7',1.0,1.0,1.0
4476,2,b'\xc2\xa7',b'\xc2\xa7',1.0,1.0,1.0
4477,2,b'\xc2\xa7',b'\xc2\xa7',1.0,1.0,1.0
4480,2,b'\xc2\xa7',b'\xc2\xa7',1.0,1.0,1.0
4481,2,b'\xc2\xaa',b'\xc2\xa7',0.0,0.0,0.0
4482,2,b'\xc2\xaa',b'\xc2\xa7',0.0,0.0,0.0
4483,2,b'\xc2\xa7',b'\xc2\xa7',1.0,1.0,1.0
4484,2,b'\xc2\xa7',b'\xc2\xa7',1.0,1.0,1.0
4486,2,b'\xc2\xa7',b'\xc2\xa7',1.0,1.0,1.0
4488,2,b'\xc2\xa7',b'\xc2\xa7',1.0,1.0,1.0
4489,2,b'\xc2\xa7',b'\xc2\xa7',1.0,1.0,1.0
4490,2,b'\xc2\xaa',b'\xc2\xa7',0.0,0.0,0.0
4491,2,b'\xc2\xa7',b'\xc2\xa7',1.0,1.0,1.0
4492,2,b'\xc2\xaa',b'\xc2\xa7',0.0,0.0,0.0
4493,2,b'\xc2\xa7',b'',0.0,0.0,0.0
4494,2,b'\xc2\xa7',b'\xc2\xa7',1.0,1.0,1.0
4496,2,b'\xc2\xa9',b'\xc2\xa9',1.0,1.0,1.0
4497,2,b'\xc2\xa9',b'\xc2\xa9',1.0,1.0,1.0
4498,2,b'\xc2\xaa',b'\xc2\xa7',0.0,0.0,0.0
4499,2,b'\xc2\xa9',b'\xc2\xa9',1.0,1.0,1.0
4500,2,b'\xc2\xa7',b'\xc2\xa7',1.0,1.0,1.0
4502,2,b'\xc2\xa7',b'\xc2\xa7',1.0,1.0,1.0
4503,2,b'\xc2\xaa',b'\xc2\xa7',0.0,0.0,0.0
4504,2,b'\xc2\xa7',b'\xc2\xa7',1.0,1.0,1.0
4505,2,b'\xc2\xa7',b'\xc2\xa7',1.0,1.0,1.0
4507,2,b'\xc2\xa9',b'\xc2\xa9',1.0,1.0,1.0
4508,2,b'\xc2\xa7',b'\xc2\xa7',1.0,1.0,1.0
4509,2,b'\xc2\xa7',b'\xc2\xa7',1.0,1.0,1.0
4510,2,b'\xc2\xa7',b'\xc2\xa7',1.0,1.0,1.0
4512,2,b'\xc2\xa7',b'\xc2\xa9',0.0,0.0,0.0
4514,2,b'\xc2\xaa',b'\xc2\xa7',0.0,0.0,0.0
4515,2,b'\xc2\xa7',b'\xc2\xa7',1.0,1.0,1.0
4516,2,b'\xc2\xa7',b'\xc2\xa7',1.0,1.0,1.0
4517,2,b'\xc2\xa7',b'\xc2\xa7',1.0,1.0,1.0
4518,2,b'\xc2\xaa',b'\xc2\xa7',0.0,0.0,0.0
4519,2,b'\xc2\xaa',b'\xc2\xa7',0.0,0.0,0.0
4520,2,b'\xc2\xa7',b'\xc2\xa7',1.0,1.0,1.0
4521,2,b'\xc2\xa7',b'\xc2\xa7',1.0,1.0,1.0
4522,2,b'\xc2\xaa',b'\xc2\xa7',0.0,0.0,0.0
4523,2,b'\xc2\xa7',b'\xc2\xa7',1.0,1.0,1.0
4524,2,b'\xc2\xa7',b'\xc2\xa7',1.0,1.0,1.0
4525,2,b'\xc2\xa7',b'\xc2\xa7',1.0,1.0,1.0
4526,2,b'\xc2\xa7',b'\xc2\xa7',1.0,1.0,1.0
4528,2,b'\xc2\xaa',b'',0.0,0.0,0.0
4529,2,b'\xc2\xa7',b'\xc2\xa7',1.0,1.0,1.0
4533,2,b'\xc2\xa7',b'\xc2\xa7',1.0,1.0,1.0
4534,2,b'\xc2\xa7',b'\xc2\xa7',1.0,1.0,1.0
4538,2,b'\xc2\xa9',b'\xc2\xa7',0.0,0.0,0.0
4539,2,b'\xc2\xa9',b'\xc2\xa9',1.0,1.0,1.0
4540,2,b'\xc2\xa7',b'\xc2\xa7',1.0,1.0,1.0
4541,2,b'\xc2\xa7',b'\xc2\xa7',1.0,1.0,1.0
4542,2,b'\xc2\xa7',b'\xc2\xa7',1.0,1.0,1.0
4543,2,b'\xc2\xa9',b'\xc2\xa7',0.0,0.0,0.0
4545,2,b'\xc2\xaa',b'\xc2\xa7',0.0,0.0,0.0
4546,2,b'\xc2\xa7',b'\xc2\xa9',0.0,0.0,0.0
4547,2,b'\xc2\xa7',b'\xc2\xa7',1.0,1.0,1.0
4548,2,b'\xc2\xa7',b'\xc2\xa7',1.0,1.0,1.0
4549,2,b'\xc2\xa7',b'\xc2\xa7',1.0,1.0,1.0
4550,2,b'\xc2\xa7',b'\xc2\xa7',1.0,1.0,1.0
4551,2,b'\xc2\xaa',b'\xc2\xa7',0.0,0.0,0.0
4552,2,b'\xc2\xa7',b'\xc2\xa7',1.0,1.0,1.0
4553,2,b'\xc2\xa7',b'\xc2\xa7',1.0,1.0,1.0
4554,2,b'\xc2\xaa',b'\xc2\xa7',0.0,0.0,0.0
4555,2,b'\xc2\xa7',b'\xc2\xa7',1.0,1.0,1.0
4556,2,b'\xc2\xa7',b'\xc2\xa7',1.0,1.0,1.0
4557,2,b'\xc2\xa7',b'\xc2\xa7',1.0,1.0,1.0
4559,2,b'\xc2\xa7',b'\xc2\xa7',1.0,1.0,1.0
4560,2,b'\xc2\xa7',b'\xc2\xa7',1.0,1.0,1.0
4561,2,b'\xc2\xaa',b'\xc2\xa7',0.0,0.0,0.0
4562,2,b'\xc2\xa9',b'\xc2\xa7',0.0,0.0,0.0
4564,2,b'\xc2\xa9',b'\xc2\xa9',1.0,1.0,1.0
4565,2,b'\xc2\xa2',b'\xc2\xa9',0.0,0.0,0.0
4566,2,b'\xc2\xa7',b'\xc2\xa7',1.0,1.0,1.0
4567,2,b'\xc2\xaa',b'\xc2\xa7',0.0,0.0,0.0
4568,2,b'\xc2\xa7',b'\xc2\xa7',1.0,1.0,1.0
4569,2,b'\xc2\xaa',b'\xc2\xa7',0.0,0.0,0.0
4570,2,b'\xc2\xa7',b'\xc2\xa7',1.0,1.0,1.0
4571,2,b'\xc2\xa7',b'\xc2\xa7',1.0,1.0,1.0
4572,2,b'\xc2\xa7',b'\xc2\xa7',1.0,1.0,1.0
4573,2,b'\xc2\xaa',b'\xc2\xa7',0.0,0.0,0.0
4574,2,b'\xc2\xa7',b'\xc2\xa7',1.0,1.0,1.0
4576,2,b'\xc2\xa7',b'\xc2\xa7',1.0,1.0,1.0
4577,2,b'\xc2\xa7',b'\xc2\xa7',1.0,1.0,1.0
4579,2,b'\xc2\xa7',b'\xc2\xa7',1.0,1.0,1.0
4580,2,b'\xc2\xa7',b'\xc2\xa7',1.0,1.0,1.0
3088,3,b'\xc2\xaa',b'\xc2\xa7',0.0,0.0,0.0
3089,3,b'\xc2\xa7',b'\xc2\xa7',1.0,1.0,1.0
3091,3,b'\xc2\xa7',b'',0.0,0.0,0.0
3099,3,b'\xc2\xa7',b'',0.0,0.0,0.0
3100,3,b'\xc2\xa9',b'\xc2\xa9',1.0,1.0,1.0
3102,3,b'\xc2\xa7',b'',0.0,0.0,0.0
3105,3,b'\xc2\xa7',b'',0.0,0.0,0.0
3106,3,b'\xc2\xa7',b'',0.0,0.0,0.0
3110,3,b'\xc2\xa7',b'\xc2\xa7',1.0,1.0,1.0
3114,3,b'\xc2\xaa',b'\xc2\xa7',0.0,0.0,0.0
3115,3,b'\xc2\xa7',b'\xc2\xa7',1.0,1.0,1.0
3119,3,b'\xc2\xa9',b'\xc2\xa9',1.0,1.0,1.0
3122,3,b'\xc2\xa7',b'\xc2\xa7',1.0,1.0,1.0
3130,3,b'\xc2\xa7',b'\xc2\xa7',1.0,1.0,1.0
3131,3,b'\xc2\xa9',b'\xc2\xa9',1.0,1.0,1.0
3135,3,b'\xc2\xa7',b'',0.0,0.0,0.0
3137,3,b'\xc2\xa7',b'\xc2\xa9',0.0,0.0,0.0
3138,3,b'\xc2\xa9',b'\xc2\xa7',0.0,0.0,0.0
3141,3,b'\xc2\xa7',b'',0.0,0.0,0.0
3143,3,b'\xc2\xa7',b'\xc2\xa7',1.0,1.0,1.0
3150,3,b'\xc2\xaa',b'\xc2\xa7',0.0,0.0,0.0
3152,3,b'\xc2\xa9',b'',0.0,0.0,0.0
3153,3,b'\xc2\xa9',b'',0.0,0.0,0.0
3155,3,b'\xc2\xa7',b'',0.0,0.0,0.0
3156,3,b'\xc2\xa7',b'\xc2\xa7',1.0,1.0,1.0
3157,3,b'\xc2\xa7',b'',0.0,0.0,0.0
3159,3,b'\xc2\xa7',b'\xc2\xa7',1.0,1.0,1.0
3163,3,b'\xc2\xa9',b'',0.0,0.0,0.0
3170,3,b'\xc2\xa9',b'',0.0,0.0,0.0
3175,3,b'\xc2\xa7',b'\xc2\xa7',1.0,1.0,1.0
3182,3,b'\xc2\xa7',b'',0.0,0.0,0.0
3183,3,b'\xc2\xa7',b'\xc2\xa7',1.0,1.0,1.0
3185,3,b'\xc2\xa7',b'',0.0,0.0,0.0
3187,3,b'\xc2\xa7',b'\xc2\xa7',1.0,1.0,1.0
3191,3,b'\xc2\xaa',b'\xc2\xa7',0.0,0.0,0.0
3194,3,b'\xc2\xa9',b'\xc2\xa7',0.0,0.0,0.0
3196,3,b'\xc2\xaa',b'\xc2\xa7',0.0,0.0,0.0
3197,3,b'\xc2\xa7',b'\xc2\xa7',1.0,1.0,1.0
3200,3,b'\xc2\xa7',b'\xc2\xa7',1.0,1.0,1.0
3201,3,b'\xc2\xa7',b'',0.0,0.0,0.0
3211,3,b'\xc2\xa7',b'\xc2\xa9',0.0,0.0,0.0
3214,3,b'\xc2\xa7',b'',0.0,0.0,0.0
3217,3,b'\xc2\xa7',b'\xc2\xa7',1.0,1.0,1.0
3223,3,b'\xc2\xa7',b'',0.0,0.0,0.0
3224,3,b'\xc2\xa7',b'\xc2\xa7',1.0,1.0,1.0
3228,3,b'\xc2\xa7',b'\xc2\xa7',1.0,1.0,1.0
3234,3,b'\xc2\xa9',b'',0.0,0.0,0.0
3235,3,b'\xc2\xa7',b'\xc2\xa7',1.0,1.0,1.0
3238,3,b'\xc2\xa9',b'',0.0,0.0,0.0
3244,3,b'\xc2\xa7',b'\xc2\xa7',1.0,1.0,1.0
3248,3,b'\xc2\xa7',b'',0.0,0.0,0.0
3249,3,b'\xc2\xa5',b'',0.0,0.0,0.0
3250,3,b'\xc2\xaa',b'',0.0,0.0,0.0
3252,3,b'\xc2\xa9',b'',0.0,0.0,0.0
3256,3,b'\xc2\xaa',b'\xc2\xa7',0.0,0.0,0.0
3257,3,b'\xc2\xa7',b'',0.0,0.0,0.0
3264,3,b'\xc2\xa7',b'',0.0,0.0,0.0
3270,3,b'\xc2\xa9',b'',0.0,0.0,0.0
3271,3,b'\xc2\xa7',b'',0.0,0.0,0.0
3274,3,b'\xc2\xaa',b'\xc2\xa7',0.0,0.0,0.0
3275,3,b'\xc2\xa7',b'',0.0,0.0,0.0
3278,3,b'\xc2\xa9',b'',0.0,0.0,0.0
3279,3,b'\xc2\xa9',b'\xc2\xa7',0.0,0.0,0.0
3282,3,b'\xc2\xa7',b'',0.0,0.0,0.0
3287,3,b'\xc2\xa9',b'',0.0,0.0,0.0
3288,3,b'\xc2\xa7',b'\xc2\xa9',0.0,0.0,0.0
3292,3,b'\xc2\xa9',b'\xc2\xa9',1.0,1.0,1.0
3295,3,b'\xc2\xa9',b'',0.0,0.0,0.0
3296,3,b'\xc2\xa7',b'\xc2\xa7',1.0,1.0,1.0
3302,3,b'\xc2\xa7',b'\xc2\xa7',1.0,1.0,1.0
3303,3,b'\xc2\xa7',b'',0.0,0.0,0.0
3304,3,b'\xc2\xa9',b'',0.0,0.0,0.0
3307,3,b'\xc2\xa7',b'\xc2\xa7',1.0,1.0,1.0
3308,3,b'\xc2\xa7',b'',0.0,0.0,0.0
3309,3,b'\xc2\xa7',b'',0.0,0.0,0.0
3316,3,b'\xc2\xa9',b'',0.0,0.0,0.0
3318,3,b'\xc2\xa7',b'\xc2\xa9',0.0,0.0,0.0
3322,3,b'\xc2\xa9',b'',0.0,0.0,0.0
3325,3,b'\xc2\xa9',b'',0.0,0.0,0.0
3326,3,b'\xc2\xa9',b'',0.0,0.0,0.0
3333,3,b'\xc2\xa7',b'\xc2\xa7',1.0,1.0,1.0
3335,3,b'\xc2\xa7',b'',0.0,0.0,0.0
3342,3,b'\xc2\xa7',b'',0.0,0.0,0.0
3345,3,b'\xc2\xa7',b'\xc2\xa7',1.0,1.0,1.0
3346,3,b'\xc2\xaa',b'\xc2\xa7',0.0,0.0,0.0
3348,3,b'\xc2\xa9',b'',0.0,0.0,0.0
3354,3,b'\xc2\xa7',b'\xc2\xa7',1.0,1.0,1.0
3359,3,b'\xc2\xa7',b'\xc2\xa7',1.0,1.0,1.0
3364,3,b'\xc2\xa7',b'',0.0,0.0,0.0
3366,3,b'\xc2\xaa',b'\xc2\xa7',0.0,0.0,0.0
3367,3,b'\xc2\xa7',b'',0.0,0.0,0.0
3370,3,b'\xc2\xa9',b'',0.0,0.0,0.0
3371,3,b'\xc2\xa7',b'',0.0,0.0,0.0
3384,3,b'\xc2\xa7',b'\xc2\xa7',1.0,1.0,1.0
3385,3,b'\xc2\xaa',b'\xc2\xa7',0.0,0.0,0.0
3386,3,b'\xc2\xa7',b'',0.0,0.0,0.0
3388,3,b'\xc2\xaa',b'\xc2\xa7',0.0,0.0,0.0
3391,3,b'\xc2\xa7',b'\xc2\xa7',1.0,1.0,1.0
3400,3,b'\xc2\xa7',b'\xc2\xa7',1.0,1.0,1.0
3401,3,b'\xc2\xa7',b'',0.0,0.0,0.0
3405,3,b'\xc2\xa7',b'\xc2\xa7',1.0,1.0,1.0
3406,3,b'\xc2\xa7',b'',0.0,0.0,0.0
3408,3,b'\xc2\xa7',b'',0.0,0.0,0.0
3410,3,b'\xc2\xa7',b'',0.0,0.0,0.0
3413,3,b'\xc2\xa7',b'',0.0,0.0,0.0
3415,3,b'\xc2\xa9',b'',0.0,0.0,0.0
3423,3,b'\xc2\xaa',b'\xc2\xa9',0.0,0.0,0.0
3424,3,b'\xc2\xa7',b'\xc2\xa7',1.0,1.0,1.0
3431,3,b'\xc2\xa7',b'\xc2\xa7',1.0,1.0,1.0
3432,3,b'\xc2\xa7',b'\xc2\xa7',1.0,1.0,1.0
3433,3,b'\xc2\xaa',b'\xc2\xa7',0.0,0.0,0.0
3434,3,b'\xc2\xa9',b'',0.0,0.0,0.0
3435,3,b'\xc2\xa7',b'\xc2\xa7',1.0,1.0,1.0
3447,3,b'\xc2\xa7',b'',0.0,0.0,0.0
3450,3,b'\xc2\xa9',b'\xc2\xa9',1.0,1.0,1.0
3451,3,b'\xc2\xa7',b'\xc2\xa7',1.0,1.0,1.0
3453,3,b'\xc2\xa7',b'\xc2\xa7',1.0,1.0,1.0
3456,3,b'\xc2\xa9',b'\xc2\xa9',1.0,1.0,1.0
3457,3,b'\xc2\xa9',b'',0.0,0.0,0.0
3459,3,b'\xc2\xa7',b'\xc2\xa7',1.0,1.0,1.0
3464,3,b'\xc2\xa9',b'',0.0,0.0,0.0
3467,3,b'\xc2\xa9',b'',0.0,0.0,0.0
3468,3,b'\xc2\xa7',b'\xc2\xa7',1.0,1.0,1.0
3472,3,b'\xc2\xa7',b'\xc2\xa7',1.0,1.0,1.0
3476,3,b'\xc2\xa7',b'\xc2\xa7',1.0,1.0,1.0
3479,3,b'\xc2\xa9',b'\xc2\xa7',0.0,0.0,0.0
3481,3,b'\xc2\xa7',b'\xc2\xa7',1.0,1.0,1.0
3482,3,b'\xc2\xaa',b'\xc2\xa7',0.0,0.0,0.0
3485,3,b'\xc2\xa7',b'',0.0,0.0,0.0
3486,3,b'\xc2\xa7',b'',0.0,0.0,0.0
3489,3,b'\xc2\xa9',b'',0.0,0.0,0.0
3490,3,b'\xc2\xa9',b'',0.0,0.0,0.0
3500,3,b'\xc2\xa9',b'',0.0,0.0,0.0
3504,3,b'\xc2\xaa',b'\xc2\xa7',0.0,0.0,0.0
3506,3,b'\xc2\xa9',b'',0.0,0.0,0.0
3507,3,b'\xc2\xa7',b'',0.0,0.0,0.0
3509,3,b'\xc2\xaa',b'\xc2\xa7',0.0,0.0,0.0
3510,3,b'\xc2\xaa',b'\xc2\xa7',0.0,0.0,0.0
3514,3,b'\xc2\xa7',b'',0.0,0.0,0.0
3523,3,b'\xc2\xa7',b'\xc2\xa7',1.0,1.0,1.0
3525,3,b'\xc2\xa7',b'\xc2\xa7',1.0,1.0,1.0
3526,3,b'\xc2\xa9',b'',0.0,0.0,0.0
3527,3,b'\xc2\xa9',b'',0.0,0.0,0.0
3531,3,b'\xc2\xa7',b'\xc2\xa7',1.0,1.0,1.0
3533,3,b'\xc2\xa9',b'\xc2\xa9',1.0,1.0,1.0
3541,3,b'\xc2\xa7',b'\xc2\xa7',1.0,1.0,1.0
3545,3,b'\xc2\xa9',b'\xc2\xa7',0.0,0.0,0.0
3549,3,b'\xc2\xa9',b'',0.0,0.0,0.0
3553,3,b'\xc2\xa9',b'\xc2\xa9',1.0,1.0,1.0
3555,3,b'\xc2\xa7',b'',0.0,0.0,0.0
3561,3,b'\xc2\xa7',b'',0.0,0.0,0.0
3568,3,b'\xc2\xa7',b'',0.0,0.0,0.0
3571,3,b'\xc2\xa9',b'',0.0,0.0,0.0
3578,3,b'\xc2\xaa',b'\xc2\xa7',0.0,0.0,0.0
3579,3,b'\xc2\xa9',b'',0.0,0.0,0.0
3580,3,b'\xc2\xa9',b'',0.0,0.0,0.0
3586,3,b'\xc2\xa9',b'\xc2\xa9',1.0,1.0,1.0
3590,3,b'\xc2\xa8',b'\xc2\xa7',0.0,0.0,0.0
3595,3,b'\xc2\xaa',b'\xc2\xa7',0.0,0.0,0.0
3604,3,b'\xc2\xa7',b'',0.0,0.0,0.0
3605,3,b'\xc2\xa2',b'\xc2\xa9',0.0,0.0,0.0
3606,3,b'\xc2\xa9',b'\xc2\xa9',1.0,1.0,1.0
3610,3,b'\xc2\xa7',b'\xc2\xa7',1.0,1.0,1.0
3611,3,b'\xc2\xa7',b'\xc2\xa7',1.0,1.0,1.0
3615,3,b'\xc2\xa7',b'\xc2\xa7',1.0,1.0,1.0
3616,3,b'\xc2\xa7',b'',0.0,0.0,0.0
3621,3,b'\xc2\xa7',b'\xc2\xa7',1.0,1.0,1.0
3624,3,b'\xc2\xa7',b'\xc2\xa7',1.0,1.0,1.0
3625,3,b'\xc2\xa7',b'\xc2\xa7',1.0,1.0,1.0
3630,3,b'\xc2\xa7',b'',0.0,0.0,0.0
3637,3,b'\xc2\xa7',b'',0.0,0.0,0.0
3642,3,b'\xc2\xa9',b'',0.0,0.0,0.0
3646,3,b'\xc2\xa7',b'\xc2\xa7',1.0,1.0,1.0
3650,3,b'\xc2\xa7',b'',0.0,0.0,0.0
3658,3,b'\xc2\xa7',b'',0.0,0.0,0.0
3665,3,b'\xc2\xa7',b'',0.0,0.0,0.0
3685,3,b'\xc2\xaa',b'\xc2\xa7',0.0,0.0,0.0
3687,3,b'\xc2\xa9',b'',0.0,0.0,0.0
3689,3,b'\xc2\xa7',b'\xc2\xa7',1.0,1.0,1.0
3690,3,b'\xc2\xa7',b'\xc2\xa7',1.0,1.0,1.0
3691,3,b'\xc2\xaa',b'\xc2\xa7',0.0,0.0,0.0
3697,3,b'\xc2\xa9',b'\xc2\xa7',0.0,0.0,0.0
3703,3,b'\xc2\xa7',b'',0.0,0.0,0.0
3710,3,b'\xc2\xa7',b'\xc2\xa7',1.0,1.0,1.0
3717,3,b'\xc2\xaa',b'',0.0,0.0,0.0
3718,3,b'\xc2\xa9',b'',0.0,0.0,0.0
3722,3,b'\xc2\xa7',b'\xc2\xa7',1.0,1.0,1.0
3740,3,b'\xc2\xaa',b'',0.0,0.0,0.0
3744,3,b'\xc2\xaa',b'\xc2\xa7',0.0,0.0,0.0
3748,3,b'\xc2\xa7',b'\xc2\xa7',1.0,1.0,1.0
3757,3,b'\xc2\xa7',b'\xc2\xa7',1.0,1.0,1.0
3759,3,b'\xc2\xa7',b'\xc2\xa7',1.0,1.0,1.0
3767,3,b'\xc2\xa7',b'',0.0,0.0,0.0
3768,3,b'\xc2\xa9',b'',0.0,0.0,0.0
3771,3,b'\xc2\xa9',b'',0.0,0.0,0.0
3772,3,b'\xc2\xa9',b'',0.0,0.0,0.0
3774,3,b'\xc2\xa7',b'',0.0,0.0,0.0
3778,3,b'\xc2\xaa',b'\xc2\xa7',0.0,0.0,0.0
3779,3,b'\xc2\xa5',b'',0.0,0.0,0.0
3780,3,b'\xc2\xa7',b'\xc2\xa7',1.0,1.0,1.0
3782,3,b'\xc2\xa7',b'\xc2\xa7',1.0,1.0,1.0
3788,3,b'\xc2\xa7',b'\xc2\xa7',1.0,1.0,1.0
3789,3,b'\xc2\xa9',b'\xc2\xa7',0.0,0.0,0.0
3793,3,b'\xc2\xa7',b'',0.0,0.0,0.0
3795,3,b'\xc2\xa7',b'\xc2\xa7',1.0,1.0,1.0
3797,3,b'\xc2\xa9',b'',0.0,0.0,0.0
3800,3,b'\xc2\xa7',b'',0.0,0.0,0.0
3804,3,b'\xc2\xa9',b'\xc2\xa7',0.0,0.0,0.0
3805,3,b'\xc2\xa7',b'',0.0,0.0,0.0
3806,3,b'\xc2\xa9',b'',0.0,0.0,0.0
3807,3,b'\xc2\xa7',b'\xc2\xa7',1.0,1.0,1.0
3809,3,b'\xc2\xa7',b'\xc2\xa7',1.0,1.0,1.0
3812,3,b'\xc2\xa9',b'\xc2\xa7',0.0,0.0,0.0
3813,3,b'\xc2\xaa',b'',0.0,0.0,0.0
3815,3,b'\xc2\xa7',b'\xc2\xa7',1.0,1.0,1.0
3816,3,b'\xc2\xa7',b'',0.0,0.0,0.0
3820,3,b'\xc2\xa7',b'',0.0,0.0,0.0
3824,3,b'\xc2\xa9',b'\xc2\xa9',1.0,1.0,1.0
3826,3,b'\xc2\xa7',b'\xc2\xa7',1.0,1.0,1.0
3828,3,b'\xc2\xa9',b'\xc2\xa9',1.0,1.0,1.0
3833,3,b'\xc2\xa7',b'\xc2\xa7',1.0,1.0,1.0
3835,3,b'\xc2\xa7',b'\xc2\xa7',1.0,1.0,1.0
3837,3,b'\xc2\xa7',b'\xc2\xa7',1.0,1.0,1.0
3841,3,b'\xc2\xaa',b'\xc2\xa7',0.0,0.0,0.0
3845,3,b'\xc2\xa7',b'',0.0,0.0,0.0
3846,3,b'\xc2\xa7',b'',0.0,0.0,0.0
3847,3,b'\xc2\xa7',b'',0.0,0.0,0.0
3848,3,b'\xc2\xa9',b'',0.0,0.0,0.0
3849,3,b'\xc2\xa7',b'',0.0,0.0,0.0
3856,3,b'\xc2\xa7',b'\xc2\xa7',1.0,1.0,1.0
3861,3,b'\xc2\xa7',b'\xc2\xa7',1.0,1.0,1.0
3867,3,b'\xc2\xa7',b'',0.0,0.0,0.0
3869,3,b'\xc2\xa7',b'',0.0,0.0,0.0
3873,3,b'\xc2\xa9',b'\xc2\xa9',1.0,1.0,1.0
3874,3,b'\xc2\xa7',b'\xc2\xa7',1.0,1.0,1.0
3875,3,b'\xc2\xa7',b'\xc2\xa7',1.0,1.0,1.0
3881,3,b'\xc2\xa9',b'',0.0,0.0,0.0
3883,3,b'\xc2\xa7',b'\xc2\xa7',1.0,1.0,1.0
3886,3,b'\xc2\xa2',b'',0.0,0.0,0.0
3887,3,b'\xc2\xa7',b'\xc2\xa7',1.0,1.0,1.0
3893,3,b'\xc2\xa9',b'',0.0,0.0,0.0
3895,3,b'\xc2\xa7',b'',0.0,0.0,0.0
3897,3,b'\xc2\xa3',b'',0.0,0.0,0.0
3901,3,b'\xc2\xa7',b'\xc2\xa7',1.0,1.0,1.0
3903,3,b'\xc2\xa9',b'',0.0,0.0,0.0
3904,3,b'\xc2\xa7',b'',0.0,0.0,0.0
3909,3,b'\xc2\xa7',b'',0.0,0.0,0.0
3911,3,b'\xc2\xa7',b'\xc2\xa7',1.0,1.0,1.0
3917,3,b'\xc2\xa7',b'\xc2\xa7',1.0,1.0,1.0
3924,3,b'\xc2\xa9',b'',0.0,0.0,0.0
3925,3,b'\xc2\xa7',b'',0.0,0.0,0.0
3940,3,b'\xc2\xa7',b'\xc2\xa7',1.0,1.0,1.0
3941,3,b'\xc2\xa7',b'\xc2\xa7',1.0,1.0,1.0
3947,3,b'\xc2\xa7',b'\xc2\xa7',1.0,1.0,1.0
3948,3,b'\xc2\xa7',b'',0.0,0.0,0.0
3950,3,b'\xc2\xa7',b'',0.0,0.0,0.0
3954,3,b'\xc2\xa9',b'',0.0,0.0,0.0
3958,3,b'\xc2\xa9',b'',0.0,0.0,0.0
3959,3,b'\xc2\xa9',b'',0.0,0.0,0.0
3960,3,b'\xc2\xa9',b'\xc2\xa7',0.0,0.0,0.0
3961,3,b'\xc2\xa7',b'\xc2\xa7',1.0,1.0,1.0
3962,3,b'\xc2\xa7',b'\xc2\xa7',1.0,1.0,1.0
3966,3,b'\xc2\xa9',b'\xc2\xa9',1.0,1.0,1.0
3975,3,b'\xc2\xa9',b'',0.0,0.0,0.0
3978,3,b'\xc2\xa7',b'\xc2\xa7',1.0,1.0,1.0
3981,3,b'\xc2\xa9',b'',0.0,0.0,0.0
3987,3,b'\xc2\xa7',b'\xc2\xa7',1.0,1.0,1.0
3988,3,b'\xc2\xa7',b'\xc2\xa7',1.0,1.0,1.0
3993,3,b'\xc2\xa9',b'\xc2\xa7',0.0,0.0,0.0
3994,3,b'\xc2\xaa',b'\xc2\xa7',0.0,0.0,0.0
3995,3,b'\xc2\xa7',b'',0.0,0.0,0.0
4003,3,b'\xc2\xa7',b'\xc2\xa7',1.0,1.0,1.0
4005,3,b'\xc2\xa7',b'\xc2\xa7',1.0,1.0,1.0
4007,3,b'\xc2\xa7',b'',0.0,0.0,0.0
4008,3,b'\xc2\xa9',b'',0.0,0.0,0.0
4010,3,b'\xc2\xa7',b'',0.0,0.0,0.0
4012,3,b'\xc2\xaa',b'\xc2\xa7',0.0,0.0,0.0
4018,3,b'\xc2\xa7',b'\xc2\xa7',1.0,1.0,1.0
4019,3,b'\xc2\xaa',b'',0.0,0.0,0.0
4022,3,b'\xc2\xa7',b'\xc2\xa7',1.0,1.0,1.0
4025,3,b'\xc2\xa9',b'',0.0,0.0,0.0
4028,3,b'\xc2\xa7',b'\xc2\xa7',1.0,1.0,1.0
4034,3,b'\xc2\xa7',b'',0.0,0.0,0.0
4038,3,b'\xc2\xa9',b'\xc2\xa7',0.0,0.0,0.0
4040,3,b'\xc2\xa9',b'',0.0,0.0,0.0
4044,3,b'\xc2\xa8',b'',0.0,0.0,0.0
4047,3,b'\xc2\xa7',b'\xc2\xa7',1.0,1.0,1.0
4049,3,b'\xc2\xa9',b'',0.0,0.0,0.0
4050,3,b'\xc2\xa7',b'\xc2\xa7',1.0,1.0,1.0
4053,3,b'\xc2\xa7',b'\xc2\xa7',1.0,1.0,1.0
4058,3,b'\xc2\xa7',b'\xc2\xa7',1.0,1.0,1.0
4059,3,b'\xc2\xaa',b'\xc2\xa7',0.0,0.0,0.0
4060,3,b'\xc2\xa7',b'\xc2\xa9',0.0,0.0,0.0
4064,3,b'\xc2\xa7',b'\xc2\xa7',1.0,1.0,1.0
4065,3,b'\xc2\xa7',b'\xc2\xa7',1.0,1.0,1.0
4075,3,b'\xc2\xa7',b'\xc2\xa7',1.0,1.0,1.0
4077,3,b'\xc2\xa7',b'\xc2\xa7',1.0,1.0,1.0
4081,3,b'\xc2\xa7',b'\xc2\xa7',1.0,1.0,1.0
4082,3,b'\xc2\xa7',b'',0.0,0.0,0.0
4086,3,b'\xc2\xa7',b'',0.0,0.0,0.0
4087,3,b'\xc2\xa7',b'',0.0,0.0,0.0
4089,3,b'\xc2\xa7',b'',0.0,0.0,0.0
4100,3,b'\xc2\xa9',b'',0.0,0.0,0.0
4101,3,b'\xc2\xa9',b'',0.0,0.0,0.0
4113,3,b'\xc2\xa7',b'\xc2\xa7',1.0,1.0,1.0
4114,3,b'\xc2\xa7',b'',0.0,0.0,0.0
4121,3,b'\xc2\xa7',b'',0.0,0.0,0.0
4124,3,b'\xc2\xa7',b'\xc2\xa7',1.0,1.0,1.0
4126,3,b'\xc2\xa7',b'\xc2\xa7',1.0,1.0,1.0
4128,3,b'\xc2\xaa',b'\xc2\xa7',0.0,0.0,0.0
4130,3,b'\xc2\xa7',b'\xc2\xa7',1.0,1.0,1.0
4132,3,b'\xc2\xa7',b'',0.0,0.0,0.0
4134,3,b'\xc2\xa7',b'\xc2\xa7',1.0,1.0,1.0
4137,3,b'\xc2\xa7',b'\xc2\xa7',1.0,1.0,1.0
4142,3,b'\xc2\xa7',b'',0.0,0.0,0.0
4143,3,b'\xc2\xa7',b'\xc2\xa7',1.0,1.0,1.0
4148,3,b'\xc2\xa9',b'',0.0,0.0,0.0
4150,3,b'\xc2\xa7',b'\xc2\xa7',1.0,1.0,1.0
4152,3,b'\xc2\xa7',b'\xc2\xa7',1.0,1.0,1.0
4153,3,b'\xc2\xa9',b'\xc2\xa9',1.0,1.0,1.0
4155,3,b'\xc2\xa7',b'',0.0,0.0,0.0
4157,3,b'\xc2\xa9',b'',0.0,0.0,0.0
4164,3,b'\xc2\xa9',b'\xc2\xa9',1.0,1.0,1.0
4166,3,b'\xc2\xa7',b'\xc2\xa7',1.0,1.0,1.0
4171,3,b'\xc2\xa9',b'',0.0,0.0,0.0
4177,3,b'\xc2\xa9',b'',0.0,0.0,0.0
4178,3,b'\xc2\xa7',b'\xc2\xa7',1.0,1.0,1.0
4179,3,b'\xc2\xa7',b'\xc2\xa7',1.0,1.0,1.0
4181,3,b'\xc2\xa9',b'',0.0,0.0,0.0
4184,3,b'\xc2\xa9',b'',0.0,0.0,0.0
4195,3,b'\xc2\xa9',b'\xc2\xa9',1.0,1.0,1.0
4207,3,b'\xc2\xa9',b'\xc2\xa9',1.0,1.0,1.0
4213,3,b'\xc2\xa7',b'\xc2\xa7',1.0,1.0,1.0
4219,3,b'\xc2\xaa',b'\xc2\xa7',0.0,0.0,0.0
4221,3,b'\xc2\xa7',b'',0.0,0.0,0.0
4222,3,b'\xc2\xa7',b'\xc2\xa7',1.0,1.0,1.0
4223,3,b'\xc2\xa7',b'\xc2\xa7',1.0,1.0,1.0
4225,3,b'\xc2\xa7',b'',0.0,0.0,0.0
4228,3,b'\xc2\xaa',b'\xc2\xa7',0.0,0.0,0.0
4230,3,b'\xc2\xa7',b'\xc2\xa7',1.0,1.0,1.0
4234,3,b'\xc2\xa7',b'',0.0,0.0,0.0
4237,3,b'\xc2\xaa',b'\xc2\xa7',0.0,0.0,0.0
4243,3,b'\xc2\xa7',b'\xc2\xa7',1.0,1.0,1.0
4244,3,b'\xc2\xaa',b'',0.0,0.0,0.0
4245,3,b'\xc2\xa7',b'\xc2\xa9',0.0,0.0,0.0
4250,3,b'\xc2\xa9',b'',0.0,0.0,0.0
4251,3,b'\xc2\xa7',b'',0.0,0.0,0.0
4253,3,b'\xc2\xa9',b'',0.0,0.0,0.0
4254,3,b'\xc2\xa7',b'',0.0,0.0,0.0
4261,3,b'\xc2\xa7',b'',0.0,0.0,0.0
4263,3,b'\xc2\xa9',b'',0.0,0.0,0.0
4266,3,b'\xc2\xa7',b'\xc2\xa7',1.0,1.0,1.0
4267,3,b'\xc2\xa7',b'',0.0,0.0,0.0
4269,3,b'\xc2\xa7',b'',0.0,0.0,0.0
4273,3,b'\xc2\xaa',b'\xc2\xa7',0.0,0.0,0.0
4275,3,b'\xc2\xa9',b'',0.0,0.0,0.0
4278,3,b'\xc2\xa7',b'',0.0,0.0,0.0
4279,3,b'\xc2\xa7',b'\xc2\xa7',1.0,1.0,1.0
4280,3,b'\xc2\xa9',b'',0.0,0.0,0.0
4284,3,b'\xc2\xa7',b'\xc2\xa7',1.0,1.0,1.0
4285,3,b'\xc2\xaa',b'\xc2\xa7',0.0,0.0,0.0
4287,3,b'\xc2\xa7',b'\xc2\xa7',1.0,1.0,1.0
4288,3,b'\xc2\xa7',b'',0.0,0.0,0.0
4294,3,b'\xc2\xa7',b'\xc2\xa7',1.0,1.0,1.0
4299,3,b'\xc2\xa7',b'',0.0,0.0,0.0
4303,3,b'\xc2\xa9',b'',0.0,0.0,0.0
4304,3,b'\xc2\xa7',b'\xc2\xa7',1.0,1.0,1.0
4305,3,b'\xc2\xa7',b'\xc2\xa9',0.0,0.0,0.0
4309,3,b'\xc2\xa7',b'\xc2\xa7',1.0,1.0,1.0
4314,3,b'\xc2\xa7',b'\xc2\xa7',1.0,1.0,1.0
4322,3,b'\xc2\xa7',b'\xc2\xa7',1.0,1.0,1.0
4323,3,b'\xc2\xa7',b'\xc2\xa7',1.0,1.0,1.0
4326,3,b'\xc2\xa7',b'',0.0,0.0,0.0
4327,3,b'\xc2\xa9',b'',0.0,0.0,0.0
4329,3,b'\xc2\xa7',b'\xc2\xa7',1.0,1.0,1.0
4330,3,b'\xc2\xa7',b'',0.0,0.0,0.0
4336,3,b'\xc2\xa9',b'\xc2\xa7',0.0,0.0,0.0
4339,3,b'\xc2\xa7',b'\xc2\xa7',1.0,1.0,1.0
4350,3,b'\xc2\xa7',b'\xc2\xa7',1.0,1.0,1.0
4356,3,b'\xc2\xa9',b'\xc2\xa7',0.0,0.0,0.0
4359,3,b'\xc2\xa7',b'\xc2\xa7',1.0,1.0,1.0
4363,3,b'\xc2\xa9',b'\xc2\xa9',1.0,1.0,1.0
4365,3,b'\xc2\xa7',b'',0.0,0.0,0.0
4375,3,b'\xc2\xa7',b'\xc2\xa7',1.0,1.0,1.0
4378,3,b'\xc2\xaa',b'\xc2\xa7',0.0,0.0,0.0
4381,3,b'\xc2\xa9',b'',0.0,0.0,0.0
4384,3,b'\xc2\xa9',b'',0.0,0.0,0.0
4386,3,b'\xc2\xa7',b'',0.0,0.0,0.0
4387,3,b'\xc2\xa9',b'\xc2\xa9',1.0,1.0,1.0
4392,3,b'\xc2\xa7',b'\xc2\xa7',1.0,1.0,1.0
4395,3,b'\xc2\xa9',b'',0.0,0.0,0.0
4399,3,b'\xc2\xa7',b'',0.0,0.0,0.0
4400,3,b'\xc2\xaa',b'\xc2\xa9',0.0,0.0,0.0
4402,3,b'\xc2\xaa',b'\xc2\xa9',0.0,0.0,0.0
4404,3,b'\xc2\xaa',b'',0.0,0.0,0.0
4406,3,b'\xc2\xa7',b'\xc2\xa7',1.0,1.0,1.0
4409,3,b'\xc2\xa7',b'',0.0,0.0,0.0
4411,3,b'\xc2\xa9',b'',0.0,0.0,0.0
4412,3,b'\xc2\xa7',b'\xc2\xa7',1.0,1.0,1.0
4414,3,b'\xc2\xa9',b'',0.0,0.0,0.0
4416,3,b'\xc2\xa7',b'\xc2\xa7',1.0,1.0,1.0
4427,3,b'\xc2\xa7',b'',0.0,0.0,0.0
4434,3,b'\xc2\xa9',b'',0.0,0.0,0.0
4436,3,b'\xc2\xa9',b'',0.0,0.0,0.0
4438,3,b'\xc2\xa9',b'',0.0,0.0,0.0
4442,3,b'\xc2\xa9',b'\xc2\xa9',1.0,1.0,1.0
4450,3,b'\xc2\xa7',b'\xc2\xa7',1.0,1.0,1.0
4453,3,b'\xc2\xa9',b'',0.0,0.0,0.0
4454,3,b'\xc2\xaa',b'',0.0,0.0,0.0
4458,3,b'\xc2\xa7',b'\xc2\xa7',1.0,1.0,1.0
4459,3,b'\xc2\xa7',b'',0.0,0.0,0.0
4464,3,b'\xc2\xa7',b'\xc2\xa7',1.0,1.0,1.0
4467,3,b'\xc2\xa9',b'\xc2\xa9',1.0,1.0,1.0
4472,3,b'\xc2\xa9',b'',0.0,0.0,0.0
4481,3,b'\xc2\xaa',b'',0.0,0.0,0.0
4482,3,b'\xc2\xa9',b'',0.0,0.0,0.0
4490,3,b'\xc2\xa9',b'',0.0,0.0,0.0
4492,3,b'\xc2\xa7',b'\xc2\xa7',1.0,1.0,1.0
4496,3,b'\xc2\xa7',b'\xc2\xa7',1.0,1.0,1.0
4497,3,b'\xc2\xa7',b'\xc2\xa7',1.0,1.0,1.0
4498,3,b'\xc2\xa7',b'\xc2\xa7',1.0,1.0,1.0
4499,3,b'\xc2\xa7',b'\xc2\xa7',1.0,1.0,1.0
4503,3,b'\xc2\xa9',b'\xc2\xa9',1.0,1.0,1.0
4507,3,b'\xc2\xa7',b'\xc2\xa7',1.0,1.0,1.0
4514,3,b'\xc2\xa9',b'\xc2\xa9',1.0,1.0,1.0
4518,3,b'\xc2\xa7',b'',0.0,0.0,0.0
4519,3,b'\xc2\xaa',b'',0.0,0.0,0.0
4522,3,b'\xc2\xa7',b'\xc2\xa7',1.0,1.0,1.0
4525,3,b'\xc2\xa7',b'',0.0,0.0,0.0
4528,3,b'\xc2\xaa',b'',0.0,0.0,0.0
4538,3,b'\xc2\xa9',b'\xc2\xa7',0.0,0.0,0.0
4539,3,b'\xc2\xa7',b'\xc2\xa7',1.0,1.0,1.0
4543,3,b'\xc2\xa9',b'\xc2\xa7',0.0,0.0,0.0
4545,3,b'\xc2\xa7',b'',0.0,0.0,0.0
4551,3,b'\xc2\xa7',b'',0.0,0.0,0.0
4554,3,b'\xc2\xa9',b'\xc2\xa7',0.0,0.0,0.0
4561,3,b'\xc2\xa9',b'',0.0,0.0,0.0
4562,3,b'\xc2\xa7',b'\xc2\xa7',1.0,1.0,1.0
4564,3,b'\xc2\xaa',b'\xc2\xa7',0.0,0.0,0.0
4565,3,b'\xc2\xa9',b'',0.0,0.0,0.0
4567,3,b'\xc2\xa9',b'\xc2\xa7',0.0,0.0,0.0
4568,3,b'\xc2\xa7',b'',0.0,0.0,0.0
4569,3,b'\xc2\xa9',b'',0.0,0.0,0.0
4570,3,b'\xc2\xa7',b'',0.0,0.0,0.0
4573,3,b'\xc2\xa9',b'\xc2\xa9',1.0,1.0,1.0
3088,4,b'\xc2\xa9',b'\xc2\xa9',1.0,1.0,1.0
3100,4,b'\xc2\xa7',b'\xc2\xa7',1.0,1.0,1.0
3114,4,b'\xc2\xa9',b'\xc2\xa9',1.0,1.0,1.0
3119,4,b'\xc2\xa7',b'\xc2\xa7',1.0,1.0,1.0
3131,4,b'\xc2\xa7',b'\xc2\xa7',1.0,1.0,1.0
3138,4,b'\xc2\xa7',b'\xc2\xa7',1.0,1.0,1.0
3150,4,b'\xc2\xa9',b'\xc2\xa9',1.0,1.0,1.0
3152,4,b'\xc2\xa7',b'\xc2\xa7',1.0,1.0,1.0
3153,4,b'\xc2\xa7',b'\xc2\xa7',1.0,1.0,1.0
3156,4,b'\xc2\xa7',b'',0.0,0.0,0.0
3163,4,b'\xc2\xaa',b'\xc2\xa7',0.0,0.0,0.0
3170,4,b'\xc2\xa7',b'\xc2\xa7',1.0,1.0,1.0
3187,4,b'\xc2\xa7',b'',0.0,0.0,0.0
3191,4,b'\xc2\xaa',b'\xc2\xa9',0.0,0.0,0.0
3194,4,b'\xc2\xa7',b'\xc2\xa7',1.0,1.0,1.0
3196,4,b'\xc2\xa9',b'\xc2\xa9',1.0,1.0,1.0
3224,4,b'\xc2\xa7',b'',0.0,0.0,0.0
3234,4,b'\xc2\xa7',b'\xc2\xa7',1.0,1.0,1.0
3238,4,b'\xc2\xa7',b'\xc2\xa7',1.0,1.0,1.0
3249,4,b'\xc2\xa9',b'',0.0,0.0,0.0
3250,4,b'\xc2\xa9',b'',0.0,0.0,0.0
3252,4,b'\xc2\xa7',b'\xc2\xa7',1.0,1.0,1.0
3256,4,b'\xc2\xa9',b'\xc2\xa9',1.0,1.0,1.0
3270,4,b'\xc2\xa7',b'\xc2\xa7',1.0,1.0,1.0
3274,4,b'\xc2\xa9',b'\xc2\xa9',1.0,1.0,1.0
3278,4,b'\xc2\xa7',b'\xc2\xa7',1.0,1.0,1.0
3279,4,b'\xc2\xa7',b'\xc2\xa7',1.0,1.0,1.0
3287,4,b'\xc2\xaa',b'\xc2\xa7',0.0,0.0,0.0
3288,4,b'\xc2\xa7',b'',0.0,0.0,0.0
3292,4,b'\xc2\xa7',b'\xc2\xa7',1.0,1.0,1.0
3295,4,b'\xc2\xa7',b'\xc2\xa7',1.0,1.0,1.0
3304,4,b'\xc2\xa7',b'\xc2\xa7',1.0,1.0,1.0
3316,4,b'\xc2\xa7',b'',0.0,0.0,0.0
3322,4,b'\xc2\xa7',b'\xc2\xa7',1.0,1.0,1.0
3325,4,b'\xc2\xaa',b'\xc2\xa7',0.0,0.0,0.0
3326,4,b'\xc2\xa3',b'',0.0,0.0,0.0
3346,4,b'\xc2\xa9',b'\xc2\xa9',1.0,1.0,1.0
3348,4,b'\xc2\xaa',b'\xc2\xa7',0.0,0.0,0.0
3366,4,b'\xc2\xaa',b'\xc2\xa9',0.0,0.0,0.0
3370,4,b'\xc2\xa7',b'',0.0,0.0,0.0
3385,4,b'\xc2\xa9',b'\xc2\xa9',1.0,1.0,1.0
3388,4,b'\xc2\xa9',b'',0.0,0.0,0.0
3405,4,b'\xc2\xa7',b'',0.0,0.0,0.0
3415,4,b'\xc2\xa7',b'\xc2\xa7',1.0,1.0,1.0
3423,4,b'\xc2\xa9',b'',0.0,0.0,0.0
3433,4,b'\xc2\xa9',b'\xc2\xa9',1.0,1.0,1.0
3434,4,b'\xc2\xa7',b'\xc2\xa7',1.0,1.0,1.0
3450,4,b'\xc2\xa7',b'\xc2\xa7',1.0,1.0,1.0
3456,4,b'\xc2\xa7',b'\xc2\xa7',1.0,1.0,1.0
3457,4,b'\xc2\xa7',b'\xc2\xa7',1.0,1.0,1.0
3464,4,b'\xc2\xa7',b'\xc2\xa7',1.0,1.0,1.0
3467,4,b'\xc2\xa7',b'\xc2\xa7',1.0,1.0,1.0
3479,4,b'\xc2\xa7',b'\xc2\xa7',1.0,1.0,1.0
3482,4,b'\xc2\xa9',b'\xc2\xa9',1.0,1.0,1.0
3489,4,b'\xc2\xa7',b'\xc2\xa7',1.0,1.0,1.0
3490,4,b'\xc2\xaa',b'\xc2\xa7',0.0,0.0,0.0
3500,4,b'\xc2\xaa',b'\xc2\xa7',0.0,0.0,0.0
3504,4,b'\xc2\xa9',b'\xc2\xa9',1.0,1.0,1.0
3506,4,b'\xc2\xa7',b'\xc2\xa7',1.0,1.0,1.0
3509,4,b'\xc2\xa9',b'\xc2\xa9',1.0,1.0,1.0
3510,4,b'\xc2\xa9',b'\xc2\xa9',1.0,1.0,1.0
3526,4,b'\xc2\xa7',b'\xc2\xa7',1.0,1.0,1.0
3527,4,b'\xc2\xa7',b'\xc2\xa7',1.0,1.0,1.0
3533,4,b'\xc2\xa7',b'',0.0,0.0,0.0
3545,4,b'\xc2\xa7',b'\xc2\xa7',1.0,1.0,1.0
3549,4,b'\xc2\xaa',b'\xc2\xa7',0.0,0.0,0.0
3553,4,b'\xc2\xaa',b'\xc2\xa7',0.0,0.0,0.0
3571,4,b'\xc2\xa7',b'\xc2\xa7',1.0,1.0,1.0
3578,4,b'\xc2\xaa',b'\xc2\xa9',0.0,0.0,0.0
3579,4,b'\xc2\xa7',b'',0.0,0.0,0.0
3580,4,b'\xc2\xa7',b'\xc2\xa7',1.0,1.0,1.0
3586,4,b'\xc2\xa7',b'\xc2\xa7',1.0,1.0,1.0
3590,4,b'\xc2\xa7',b'',0.0,0.0,0.0
3595,4,b'\xc2\xa9',b'\xc2\xa9',1.0,1.0,1.0
3605,4,b'\xc2\xa7',b'\xc2\xa9',0.0,0.0,0.0
3606,4,b'\xc2\xa7',b'\xc2\xa7',1.0,1.0,1.0
3642,4,b'\xc2\xa7',b'\xc2\xa7',1.0,1.0,1.0
3685,4,b'\xc2\xa9',b'\xc2\xa9',1.0,1.0,1.0
3687,4,b'\xc2\xaa',b'\xc2\xa7',0.0,0.0,0.0
3690,4,b'\xc2\xa9',b'',0.0,0.0,0.0
3691,4,b'\xc2\xa7',b'\xc2\xa9',0.0,0.0,0.0
3697,4,b'\xc2\xa7',b'\xc2\xa7',1.0,1.0,1.0
3717,4,b'\xc2\xa9',b'',0.0,0.0,0.0
3718,4,b'\xc2\xaa',b'\xc2\xa7',0.0,0.0,0.0
3740,4,b'\xc2\xaa',b'\xc2\xa9',0.0,0.0,0.0
3744,4,b'\xc2\xa9',b'',0.0,0.0,0.0
3768,4,b'\xc2\xaa',b'\xc2\xa7',0.0,0.0,0.0
3771,4,b'\xc2\xa7',b'\xc2\xa7',1.0,1.0,1.0
3772,4,b'\xc2\xa7',b'\xc2\xa7',1.0,1.0,1.0
3778,4,b'\xc2\xa9',b'',0.0,0.0,0.0
3779,4,b'\xc2\xa5',b'',0.0,0.0,0.0
3789,4,b'\xc2\xa7',b'\xc2\xa7',1.0,1.0,1.0
3797,4,b'\xc2\xa7',b'\xc2\xa7',1.0,1.0,1.0
3804,4,b'\xc2\xaa',b'\xc2\xa7',0.0,0.0,0.0
3806,4,b'\xc2\xa7',b'\xc2\xa7',1.0,1.0,1.0
3812,4,b'\xc2\xa7',b'\xc2\xa7',1.0,1.0,1.0
3813,4,b'\xc2\xa9',b'\xc2\xa9',1.0,1.0,1.0
3824,4,b'\xc2\xaa',b'\xc2\xa7',0.0,0.0,0.0
3828,4,b'\xc2\xaa',b'\xc2\xa7',0.0,0.0,0.0
3835,4,b'\xc2\xa9',b'',0.0,0.0,0.0
3841,4,b'\xc2\xa9',b'\xc2\xa9',1.0,1.0,1.0
3848,4,b'\xc2\xa7',b'\xc2\xa7',1.0,1.0,1.0
3873,4,b'\xc2\xa7',b'\xc2\xa7',1.0,1.0,1.0
3881,4,b'\xc2\xa7',b'\xc2\xa7',1.0,1.0,1.0
3886,4,b'\xc2\xa9',b'',0.0,0.0,0.0
3893,4,b'\xc2\xa7',b'\xc2\xa7',1.0,1.0,1.0
3897,4,b'\xc2\xa7',b'',0.0,0.0,0.0
3903,4,b'\xc2\xa7',b'\xc2\xa7',1.0,1.0,1.0
3924,4,b'\xc2\xa7',b'\xc2\xa7',1.0,1.0,1.0
3954,4,b'\xc2\xa7',b'\xc2\xa7',1.0,1.0,1.0
3958,4,b'\xc2\xa7',b'',0.0,0.0,0.0
3959,4,b'\xc2\xa7',b'\xc2\xa7',1.0,1.0,1.0
3960,4,b'\xc2\xaa',b'\xc2\xa7',0.0,0.0,0.0
3966,4,b'\xc2\xa7',b'\xc2\xa7',1.0,1.0,1.0
3975,4,b'\xc2\xaa',b'\xc2\xa7',0.0,0.0,0.0
3981,4,b'\xc2\xa7',b'\xc2\xa7',1.0,1.0,1.0
3993,4,b'\xc2\xaa',b'\xc2\xa7',0.0,0.0,0.0
3994,4,b'\xc2\xa9',b'\xc2\xa9',1.0,1.0,1.0
4008,4,b'\xc2\xa7',b'\xc2\xa7',1.0,1.0,1.0
4012,4,b'\xc2\xa9',b'\xc2\xa9',1.0,1.0,1.0
4019,4,b'\xc2\xa9',b'\xc2\xa9',1.0,1.0,1.0
4025,4,b'\xc2\xa7',b'\xc2\xa7',1.0,1.0,1.0
4038,4,b'\xc2\xa7',b'\xc2\xa7',1.0,1.0,1.0
4040,4,b'\xc2\xa7',b'\xc2\xa7',1.0,1.0,1.0
4044,4,b'\xc2\xa7',b'',0.0,0.0,0.0
4049,4,b'\xc2\xa7',b'\xc2\xa7',1.0,1.0,1.0
4059,4,b'\xc2\xa9',b'\xc2\xa9',1.0,1.0,1.0
4100,4,b'\xc2\xa7',b'\xc2\xa7',1.0,1.0,1.0
4101,4,b'\xc2\xaa',b'\xc2\xa7',0.0,0.0,0.0
4128,4,b'\xc2\xa9',b'\xc2\xa9',1.0,1.0,1.0
4148,4,b'\xc2\xa7',b'\xc2\xa7',1.0,1.0,1.0
4153,4,b'\xc2\xa7',b'\xc2\xa7',1.0,1.0,1.0
4157,4,b'\xc2\xa7',b'\xc2\xa7',1.0,1.0,1.0
4164,4,b'\xc2\xa7',b'\xc2\xa7',1.0,1.0,1.0
4171,4,b'\xc2\xaa',b'\xc2\xa7',0.0,0.0,0.0
4177,4,b'\xc2\xa7',b'\xc2\xa7',1.0,1.0,1.0
4181,4,b'\xc2\xa7',b'\xc2\xa7',1.0,1.0,1.0
4184,4,b'\xc2\xa7',b'\xc2\xa7',1.0,1.0,1.0
4195,4,b'\xc2\xa7',b'\xc2\xa7',1.0,1.0,1.0
4207,4,b'\xc2\xaa',b'\xc2\xa7',0.0,0.0,0.0
4213,4,b'\xc2\xa7',b'',0.0,0.0,0.0
4219,4,b'\xc2\xa7',b'',0.0,0.0,0.0
4225,4,b'\xc2\xa7',b'',0.0,0.0,0.0
4228,4,b'\xc2\xa7',b'\xc2\xa9',0.0,0.0,0.0
4237,4,b'\xc2\xa9',b'\xc2\xa9',1.0,1.0,1.0
4244,4,b'\xc2\xa7',b'\xc2\xa9',0.0,0.0,0.0
4250,4,b'\xc2\xaa',b'\xc2\xa7',0.0,0.0,0.0
4253,4,b'\xc2\xa7',b'\xc2\xa7',1.0,1.0,1.0
4263,4,b'\xc2\xa7',b'\xc2\xa7',1.0,1.0,1.0
4273,4,b'\xc2\xa9',b'\xc2\xa9',1.0,1.0,1.0
4275,4,b'\xc2\xa7',b'\xc2\xa7',1.0,1.0,1.0
4280,4,b'\xc2\xaa',b'\xc2\xa7',0.0,0.0,0.0
4284,4,b'\xc2\xa9',b'',0.0,0.0,0.0
4285,4,b'\xc2\xa9',b'\xc2\xa9',1.0,1.0,1.0
4303,4,b'\xc2\xa7',b'\xc2\xa7',1.0,1.0,1.0
4327,4,b'\xc2\xaa',b'\xc2\xa7',0.0,0.0,0.0
4329,4,b'\xc2\xa7',b'',0.0,0.0,0.0
4336,4,b'\xc2\xa7',b'\xc2\xa7',1.0,1.0,1.0
4356,4,b'\xc2\xa7',b'\xc2\xa7',1.0,1.0,1.0
4363,4,b'\xc2\xa7',b'\xc2\xa7',1.0,1.0,1.0
4375,4,b'\xc2\xa9',b'',0.0,0.0,0.0
4378,4,b'\xc2\xa9',b'\xc2\xa9',1.0,1.0,1.0
4381,4,b'\xc2\xaa',b'\xc2\xa7',0.0,0.0,0.0
4384,4,b'\xc2\xaa',b'',0.0,0.0,0.0
4387,4,b'\xc2\xaa',b'\xc2\xa7',0.0,0.0,0.0
4395,4,b'\xc2\xaa',b'\xc2\xa7',0.0,0.0,0.0
4400,4,b'\xc2\xa9',b'\xc2\xa9',1.0,1.0,1.0
4402,4,b'\xc2\xa9',b'\xc2\xa9',1.0,1.0,1.0
4404,4,b'\xc2\xa7',b'',0.0,0.0,0.0
4411,4,b'\xc2\xaa',b'\xc2\xa7',0.0,0.0,0.0
4414,4,b'\xc2\xa7',b'\xc2\xa7',1.0,1.0,1.0
4434,4,b'\xc2\xa7',b'\xc2\xa7',1.0,1.0,1.0
4436,4,b'\xc2\xa7',b'\xc2\xa7',1.0,1.0,1.0
4438,4,b'\xc2\xa7',b'',0.0,0.0,0.0
4442,4,b'\xc2\xaa',b'\xc2\xa7',0.0,0.0,0.0
4453,4,b'\xc2\xa7',b'\xc2\xa7',1.0,1.0,1.0
4454,4,b'\xc2\xa7',b'',0.0,0.0,0.0
4467,4,b'\xc2\xaa',b'\xc2\xa7',0.0,0.0,0.0
4472,4,b'\xc2\xa7',b'\xc2\xa7',1.0,1.0,1.0
4481,4,b'\xc2\xa7',b'',0.0,0.0,0.0
4482,4,b'\xc2\xa7',b'\xc2\xa7',1.0,1.0,1.0
4490,4,b'\xc2\xa7',b'\xc2\xa7',1.0,1.0,1.0
4503,4,b'\xc2\xa7',b'\xc2\xa7',1.0,1.0,1.0
4514,4,b'\xc2\xa7',b'\xc2\xa7',1.0,1.0,1.0
4519,4,b'\xc2\xa9',b'',0.0,0.0,0.0
4528,4,b'\xc2\xa7',b'\xc2\xa9',0.0,0.0,0.0
4538,4,b'\xc2\xa7',b'\xc2\xa7',1.0,1.0,1.0
4543,4,b'\xc2\xa7',b'\xc2\xa7',1.0,1.0,1.0
4554,4,b'\xc2\xaa',b'\xc2\xa7',0.0,0.0,0.0
4561,4,b'\xc2\xaa',b'\xc2\xa7',0.0,0.0,0.0
4564,4,b'\xc2\xa9',b'\xc2\xa9',1.0,1.0,1.0
4565,4,b'\xc2\xa7',b'\xc2\xa7',1.0,1.0,1.0
4567,4,b'\xc2\xaa',b'\xc2\xa7',0.0,0.0,0.0
4569,4,b'\xc2\xa7',b'\xc2\xa7',1.0,1.0,1.0
4573,4,b'\xc2\xa7',b'\xc2\xa7',1.0,1.0,1.0
3088,5,b'\xc2\xa7',b'\xc2\xa7',1.0,1.0,1.0
3114,5,b'\xc2\xa7',b'\xc2\xa7',1.0,1.0,1.0
3150,5,b'\xc2\xa7',b'\xc2\xa7',1.0,1.0,1.0
3163,5,b'\xc2\xa9',b'\xc2\xa9',1.0,1.0,1.0
3191,5,b'\xc2\xa7',b'',0.0,0.0,0.0
3196,5,b'\xc2\xa7',b'\xc2\xa7',1.0,1.0,1.0
3249,5,b'\xc2\xa7',b'\xc2\xa7',1.0,1.0,1.0
3250,5,b'\xc2\xa7',b'\xc2\xa7',1.0,1.0,1.0
3256,5,b'\xc2\xa7',b'\xc2\xa7',1.0,1.0,1.0
3274,5,b'\xc2\xa7',b'\xc2\xa7',1.0,1.0,1.0
3287,5,b'\xc2\xa9',b'\xc2\xa9',1.0,1.0,1.0
3325,5,b'\xc2\xa7',b'\xc2\xa9',0.0,0.0,0.0
3326,5,b'\xc2\xa7',b'',0.0,0.0,0.0
3346,5,b'\xc2\xa7',b'\xc2\xa7',1.0,1.0,1.0
3348,5,b'\xc2\xa7',b'',0.0,0.0,0.0
3366,5,b'\xc2\xa9',b'',0.0,0.0,0.0
3385,5,b'\xc2\xa7',b'\xc2\xa7',1.0,1.0,1.0
3388,5,b'\xc2\xa7',b'\xc2\xa7',1.0,1.0,1.0
3423,5,b'\xc2\xa7',b'\xc2\xa7',1.0,1.0,1.0
3433,5,b'\xc2\xa7',b'\xc2\xa7',1.0,1.0,1.0
3450,5,b'\xc2\xa9',b'',0.0,0.0,0.0
3482,5,b'\xc2\xa7',b'\xc2\xa7',1.0,1.0,1.0
3490,5,b'\xc2\xa9',b'\xc2\xa9',1.0,1.0,1.0
3500,5,b'\xc2\xa9',b'\xc2\xa9',1.0,1.0,1.0
3504,5,b'\xc2\xa7',b'\xc2\xa7',1.0,1.0,1.0
3509,5,b'\xc2\xa7',b'\xc2\xa7',1.0,1.0,1.0
3510,5,b'\xc2\xa7',b'\xc2\xa7',1.0,1.0,1.0
3549,5,b'\xc2\xa7',b'\xc2\xa9',0.0,0.0,0.0
3553,5,b'\xc2\xa9',b'\xc2\xa9',1.0,1.0,1.0
3578,5,b'\xc2\xa9',b'',0.0,0.0,0.0
3595,5,b'\xc2\xa7',b'\xc2\xa7',1.0,1.0,1.0
3605,5,b'\xc2\xa9',b'',0.0,0.0,0.0
3642,5,b'\xc2\xa7',b'',0.0,0.0,0.0
3685,5,b'\xc2\xa7',b'\xc2\xa7',1.0,1.0,1.0
3687,5,b'\xc2\xa7',b'',0.0,0.0,0.0
3690,5,b'\xc2\xa7',b'\xc2\xa7',1.0,1.0,1.0
3717,5,b'\xc2\xa7',b'\xc2\xa7',1.0,1.0,1.0
3718,5,b'\xc2\xa7',b'\xc2\xa9',0.0,0.0,0.0
3740,5,b'\xc2\xa9',b'',0.0,0.0,0.0
3744,5,b'\xc2\xa7',b'\xc2\xa7',1.0,1.0,1.0
3768,5,b'\xc2\xa9',b'',0.0,0.0,0.0
3778,5,b'\xc2\xa7',b'\xc2\xa7',1.0,1.0,1.0
3779,5,b'\xc2\xa7',b'',0.0,0.0,0.0
3804,5,b'\xc2\xa7',b'',0.0,0.0,0.0
3806,5,b'\xc2\xa7',b'',0.0,0.0,0.0
3813,5,b'\xc2\xa7',b'\xc2\xa7',1.0,1.0,1.0
3824,5,b'\xc2\xa9',b'\xc2\xa9',1.0,1.0,1.0
3828,5,b'\xc2\xa7',b'\xc2\xa9',0.0,0.0,0.0
3835,5,b'\xc2\xaa',b'\xc2\xa7',0.0,0.0,0.0
3841,5,b'\xc2\xa7',b'\xc2\xa7',1.0,1.0,1.0
3886,5,b'\xc2\xa7',b'\xc2\xa7',1.0,1.0,1.0
3960,5,b'\xc2\xa9',b'\xc2\xa9',1.0,1.0,1.0
3975,5,b'\xc2\xa9',b'\xc2\xa9',1.0,1.0,1.0
3981,5,b'\xc2\xa9',b'',0.0,0.0,0.0
3993,5,b'\xc2\xa9',b'',0.0,0.0,0.0
3994,5,b'\xc2\xa7',b'\xc2\xa7',1.0,1.0,1.0
4012,5,b'\xc2\xaa',b'\xc2\xa7',0.0,0.0,0.0
4019,5,b'\xc2\xaa',b'\xc2\xa7',0.0,0.0,0.0
4059,5,b'\xc2\xa7',b'\xc2\xa7',1.0,1.0,1.0
4101,5,b'\xc2\xa9',b'\xc2\xa9',1.0,1.0,1.0
4128,5,b'\xc2\xaa',b'\xc2\xa7',0.0,0.0,0.0
4171,5,b'\xc2\xa9',b'\xc2\xa9',1.0,1.0,1.0
4207,5,b'\xc2\xa9',b'\xc2\xa9',1.0,1.0,1.0
4225,5,b'\xc2\xa9',b'',0.0,0.0,0.0
4237,5,b'\xc2\xa7',b'\xc2\xa7',1.0,1.0,1.0
4250,5,b'\xc2\xa9',b'\xc2\xa9',1.0,1.0,1.0
4273,5,b'\xc2\xa7',b'\xc2\xa7',1.0,1.0,1.0
4280,5,b'\xc2\xa9',b'\xc2\xa9',1.0,1.0,1.0
4284,5,b'\xc2\xa7',b'\xc2\xa7',1.0,1.0,1.0
4285,5,b'\xc2\xa7',b'\xc2\xa7',1.0,1.0,1.0
4327,5,b'\xc2\xa9',b'\xc2\xa9',1.0,1.0,1.0
4329,5,b'\xc2\xa7',b'',0.0,0.0,0.0
4375,5,b'\xc2\xaa',b'\xc2\xa7',0.0,0.0,0.0
4378,5,b'\xc2\xa7',b'\xc2\xa7',1.0,1.0,1.0
4381,5,b'\xc2\xa9',b'\xc2\xa9',1.0,1.0,1.0
4384,5,b'\xc2\xa9',b'\xc2\xa9',1.0,1.0,1.0
4387,5,b'\xc2\xa9',b'\xc2\xa9',1.0,1.0,1.0
4395,5,b'\xc2\xa7',b'\xc2\xa9',0.0,0.0,0.0
4400,5,b'\xc2\xa7',b'\xc2\xa7',1.0,1.0,1.0
4402,5,b'\xc2\xa7',b'\xc2\xa7',1.0,1.0,1.0
4411,5,b'\xc2\xa7',b'\xc2\xa9',0.0,0.0,0.0
4434,5,b'\xc2\xa9',b'',0.0,0.0,0.0
4442,5,b'\xc2\xa9',b'\xc2\xa9',1.0,1.0,1.0
4467,5,b'\xc2\xa9',b'',0.0,0.0,0.0
4519,5,b'\xc2\xaa',b'\xc2\xa7',0.0,0.0,0.0
4554,5,b'\xc2\xa7',b'\xc2\xa9',0.0,0.0,0.0
4561,5,b'\xc2\xa9',b'\xc2\xa9',1.0,1.0,1.0
4564,5,b'\xc2\xa7',b'\xc2\xa7',1.0,1.0,1.0
4567,5,b'\xc2\xa7',b'',0.0,0.0,0.0
3163,6,b'\xc2\xa7',b'\xc2\xa7',1.0,1.0,1.0
3249,6,b'\xc2\xa7',b'',0.0,0.0,0.0
3287,6,b'\xc2\xa7',b'\xc2\xa7',1.0,1.0,1.0
3366,6,b'\xc2\xa7',b'\xc2\xa7',1.0,1.0,1.0
3450,6,b'\xc2\xa7',b'\xc2\xa7',1.0,1.0,1.0
3490,6,b'\xc2\xa7',b'\xc2\xa7',1.0,1.0,1.0
3500,6,b'\xc2\xa7',b'\xc2\xa7',1.0,1.0,1.0
3549,6,b'\xc2\xa7',b'',0.0,0.0,0.0
3553,6,b'\xc2\xa7',b'\xc2\xa7',1.0,1.0,1.0
3578,6,b'\xc2\xa7',b'\xc2\xa7',1.0,1.0,1.0
3605,6,b'\xc2\xa7',b'\xc2\xa7',1.0,1.0,1.0
3685,6,b'\xc2\xa9',b'',0.0,0.0,0.0
3740,6,b'\xc2\xa7',b'\xc2\xa7',1.0,1.0,1.0
3768,6,b'\xc2\xa7',b'\xc2\xa7',1.0,1.0,1.0
3824,6,b'\xc2\xa7',b'\xc2\xa7',1.0,1.0,1.0
3835,6,b'\xc2\xa9',b'\xc2\xa9',1.0,1.0,1.0
3960,6,b'\xc2\xa7',b'\xc2\xa7',1.0,1.0,1.0
3975,6,b'\xc2\xa7',b'\xc2\xa7',1.0,1.0,1.0
3981,6,b'\xc2\xa3',b'\xc2\xa7',0.0,0.0,0.0
3993,6,b'\xc2\xa7',b'\xc2\xa7',1.0,1.0,1.0
4012,6,b'\xc2\xa7',b'\xc2\xa9',0.0,0.0,0.0
4019,6,b'\xc2\xaa',b'\xc2\xa9',0.0,0.0,0.0
4101,6,b'\xc2\xa7',b'\xc2\xa7',1.0,1.0,1.0
4128,6,b'\xc2\xa9',b'\xc2\xa9',1.0,1.0,1.0
4171,6,b'\xc2\xa7',b'\xc2\xa7',1.0,1.0,1.0
4207,6,b'\xc2\xa7',b'\xc2\xa7',1.0,1.0,1.0
4225,6,b'\xc2\xa7',b'',0.0,0.0,0.0
4250,6,b'\xc2\xa7',b'\xc2\xa7',1.0,1.0,1.0
4280,6,b'\xc2\xaa',b'\xc2\xa7',0.0,0.0,0.0
4327,6,b'\xc2\xa7',b'\xc2\xa7',1.0,1.0,1.0
4375,6,b'\xc2\xa9',b'\xc2\xa9',1.0,1.0,1.0
4381,6,b'\xc2\xa7',b'\xc2\xa7',1.0,1.0,1.0
4384,6,b'\xc2\xa7',b'\xc2\xa7',1.0,1.0,1.0
4387,6,b'\xc2\xa7',b'\xc2\xa7',1.0,1.0,1.0
4434,6,b'\xc2\xa7',b'\xc2\xa7',1.0,1.0,1.0
4442,6,b'\xc2\xaa',b'\xc2\xa7',0.0,0.0,0.0
4467,6,b'\xc2\xa7',b'\xc2\xa7',1.0,1.0,1.0
4519,6,b'\xc2\xa9',b'',0.0,0.0,0.0
4561,6,b'\xc2\xa7',b'\xc2\xa7',1.0,1.0,1.0
3685,7,b'\xc2\xaa',b'\xc2\xa7',0.0,0.0,0.0
3835,7,b'\xc2\xa7',b'\xc2\xa7',1.0,1.0,1.0
3981,7,b'\xc2\xa7',b'',0.0,0.0,0.0
4019,7,b'\xc2\xa9',b'',0.0,0.0,0.0
4128,7,b'\xc2\xa7',b'\xc2\xa7',1.0,1.0,1.0
4280,7,b'\xc2\xa9',b'\xc2\xa9',1.0,1.0,1.0
4375,7,b'\xc2\xa7',b'\xc2\xa7',1.0,1.0,1.0
4381,7,b'\xc2\xa9',b'',0.0,0.0,0.0
4442,7,b'\xc2\xa9',b'\xc2\xa9',1.0,1.0,1.0
4519,7,b'\xc2\xa3',b'\xc2\xa7',0.0,0.0,0.0
3685,8,b'\xc2\xa9',b'\xc2\xa9',1.0,1.0,1.0
3835,8,b'\xc2\xa9',b'',0.0,0.0,0.0
4019,8,b'\xc2\xa9',b'\xc2\xa7',0.0,0.0,0.0
4280,8,b'\xc2\xa7',b'\xc2\xa7',1.0,1.0,1.0
4381,8,b'\xc2\xaa',b'\xc2\xa7',0.0,0.0,0.0
4442,8,b'\xc2\xa7',b'\xc2\xa7',1.0,1.0,1.0
4519,8,b'\xc2\xa7',b'',0.0,0.0,0.0
3685,9,b'\xc2\xa7',b'\xc2\xa7',1.0,1.0,1.0
3835,9,b'\xc2\xaa',b'\xc2\xa7',0.0,0.0,0.0
4019,9,b'\xc2\xa9',b'\xc2\xa7',0.0,0.0,0.0
4381,9,b'\xc2\xa9',b'\xc2\xa9',1.0,1.0,1.0
3835,10,b'\xc2\xa9',b'\xc2\xa9',1.0,1.0,1.0
4019,10,b'\xc2\xa7',b'\xc2\xa7',1.0,1.0,1.0
4381,10,b'\xc2\xa7',b'\xc2\xa7',1.0,1.0,1.0
3835,11,b'\xc2\xa7',b'\xc2\xa7',1.0,1.0,1.0
