CaseID,Prefix length,Groud truth,Predicted,Levenshtein,Damerau,Jaccard
3088,3,b'\xc2\xaa',b'',0.0,0.0,0.0,,,
3089,3,b'\xc2\xa7',b'',0.0,0.0,0.0,,,
3091,3,b'\xc2\xa7',b'',0.0,0.0,0.0,,,
3099,3,b'\xc2\xa7',b'',0.0,0.0,0.0,,,
3100,3,b'\xc2\xa9',b'',0.0,0.0,0.0,,,
3102,3,b'\xc2\xa7',b'',0.0,0.0,0.0,,,
3105,3,b'\xc2\xa7',b'',0.0,0.0,0.0,,,
3106,3,b'\xc2\xa7',b'',0.0,0.0,0.0,,,
3110,3,b'\xc2\xa7',b'',0.0,0.0,0.0,,,
3114,3,b'\xc2\xaa',b'',0.0,0.0,0.0,,,
3115,3,b'\xc2\xa7',b'',0.0,0.0,0.0,,,
3119,3,b'\xc2\xa9',b'',0.0,0.0,0.0,,,
3122,3,b'\xc2\xa7',b'',0.0,0.0,0.0,,,
3130,3,b'\xc2\xa7',b'',0.0,0.0,0.0,,,
3131,3,b'\xc2\xa9',b'',0.0,0.0,0.0,,,
3135,3,b'\xc2\xa7',b'',0.0,0.0,0.0,,,
3137,3,b'\xc2\xa7',b'',0.0,0.0,0.0,,,
3138,3,b'\xc2\xa9',b'',0.0,0.0,0.0,,,
3141,3,b'\xc2\xa7',b'',0.0,0.0,0.0,,,
3143,3,b'\xc2\xa7',b'',0.0,0.0,0.0,,,
3150,3,b'\xc2\xaa',b'',0.0,0.0,0.0,,,
3152,3,b'\xc2\xa9',b'',0.0,0.0,0.0,,,
3153,3,b'\xc2\xa9',b'',0.0,0.0,0.0,,,
3155,3,b'\xc2\xa7',b'',0.0,0.0,0.0,,,
3156,3,b'\xc2\xa7',b'',0.0,0.0,0.0,,,
3157,3,b'\xc2\xa7',b'',0.0,0.0,0.0,,,
3159,3,b'\xc2\xa7',b'',0.0,0.0,0.0,,,
3163,3,b'\xc2\xa9',b'',0.0,0.0,0.0,,,
3170,3,b'\xc2\xa9',b'',0.0,0.0,0.0,,,
3175,3,b'\xc2\xa7',b'',0.0,0.0,0.0,,,
3182,3,b'\xc2\xa7',b'',0.0,0.0,0.0,,,
3183,3,b'\xc2\xa7',b'',0.0,0.0,0.0,,,
3185,3,b'\xc2\xa7',b'',0.0,0.0,0.0,,,
3187,3,b'\xc2\xa7',b'',0.0,0.0,0.0,,,
3191,3,b'\xc2\xaa',b'',0.0,0.0,0.0,,,
3194,3,b'\xc2\xa9',b'',0.0,0.0,0.0,,,
3196,3,b'\xc2\xaa',b'',0.0,0.0,0.0,,,
3197,3,b'\xc2\xa7',b'',0.0,0.0,0.0,,,
3200,3,b'\xc2\xa7',b'',0.0,0.0,0.0,,,
3201,3,b'\xc2\xa7',b'',0.0,0.0,0.0,,,
3211,3,b'\xc2\xa7',b'',0.0,0.0,0.0,,,
3214,3,b'\xc2\xa7',b'',0.0,0.0,0.0,,,
3217,3,b'\xc2\xa7',b'',0.0,0.0,0.0,,,
3223,3,b'\xc2\xa7',b'',0.0,0.0,0.0,,,
3224,3,b'\xc2\xa7',b'',0.0,0.0,0.0,,,
3228,3,b'\xc2\xa7',b'',0.0,0.0,0.0,,,
3234,3,b'\xc2\xa9',b'',0.0,0.0,0.0,,,
3235,3,b'\xc2\xa7',b'',0.0,0.0,0.0,,,
3238,3,b'\xc2\xa9',b'',0.0,0.0,0.0,,,
3244,3,b'\xc2\xa7',b'',0.0,0.0,0.0,,,
3248,3,b'\xc2\xa7',b'',0.0,0.0,0.0,,,
3249,3,b'\xc2\xa5',b'',0.0,0.0,0.0,,,
3250,3,b'\xc2\xaa',b'',0.0,0.0,0.0,,,
3252,3,b'\xc2\xa9',b'',0.0,0.0,0.0,,,
3256,3,b'\xc2\xaa',b'',0.0,0.0,0.0,,,
3257,3,b'\xc2\xa7',b'',0.0,0.0,0.0,,,
3264,3,b'\xc2\xa7',b'',0.0,0.0,0.0,,,
3270,3,b'\xc2\xa9',b'',0.0,0.0,0.0,,,
3271,3,b'\xc2\xa7',b'',0.0,0.0,0.0,,,
3274,3,b'\xc2\xaa',b'',0.0,0.0,0.0,,,
3275,3,b'\xc2\xa7',b'',0.0,0.0,0.0,,,
3278,3,b'\xc2\xa9',b'',0.0,0.0,0.0,,,
3279,3,b'\xc2\xa9',b'',0.0,0.0,0.0,,,
3282,3,b'\xc2\xa7',b'',0.0,0.0,0.0,,,
3287,3,b'\xc2\xa9',b'',0.0,0.0,0.0,,,
3288,3,b'\xc2\xa7',b'',0.0,0.0,0.0,,,
3292,3,b'\xc2\xa9',b'',0.0,0.0,0.0,,,
3295,3,b'\xc2\xa9',b'',0.0,0.0,0.0,,,
3296,3,b'\xc2\xa7',b'',0.0,0.0,0.0,,,
3302,3,b'\xc2\xa7',b'',0.0,0.0,0.0,,,
3303,3,b'\xc2\xa7',b'',0.0,0.0,0.0,,,
3304,3,b'\xc2\xa9',b'',0.0,0.0,0.0,,,
3307,3,b'\xc2\xa7',b'',0.0,0.0,0.0,,,
3308,3,b'\xc2\xa7',b'',0.0,0.0,0.0,,,
3309,3,b'\xc2\xa7',b'',0.0,0.0,0.0,,,
3316,3,b'\xc2\xa9',b'',0.0,0.0,0.0,,,
3318,3,b'\xc2\xa7',b'',0.0,0.0,0.0,,,
3322,3,b'\xc2\xa9',b'',0.0,0.0,0.0,,,
3325,3,b'\xc2\xa9',b'',0.0,0.0,0.0,,,
3326,3,b'\xc2\xa9',b'',0.0,0.0,0.0,,,
3333,3,b'\xc2\xa7',b'',0.0,0.0,0.0,,,
3335,3,b'\xc2\xa7',b'',0.0,0.0,0.0,,,
3342,3,b'\xc2\xa7',b'',0.0,0.0,0.0,,,
3345,3,b'\xc2\xa7',b'',0.0,0.0,0.0,,,
3346,3,b'\xc2\xaa',b'',0.0,0.0,0.0,,,
3348,3,b'\xc2\xa9',b'',0.0,0.0,0.0,,,
3354,3,b'\xc2\xa7',b'',0.0,0.0,0.0,,,
3359,3,b'\xc2\xa7',b'',0.0,0.0,0.0,,,
3364,3,b'\xc2\xa7',b'',0.0,0.0,0.0,,,
3366,3,b'\xc2\xaa',b'',0.0,0.0,0.0,,,
3367,3,b'\xc2\xa7',b'',0.0,0.0,0.0,,,
3370,3,b'\xc2\xa9',b'',0.0,0.0,0.0,,,
3371,3,b'\xc2\xa7',b'',0.0,0.0,0.0,,,
3384,3,b'\xc2\xa7',b'',0.0,0.0,0.0,,,
3385,3,b'\xc2\xaa',b'',0.0,0.0,0.0,,,
3386,3,b'\xc2\xa7',b'',0.0,0.0,0.0,,,
3388,3,b'\xc2\xaa',b'',0.0,0.0,0.0,,,
3391,3,b'\xc2\xa7',b'',0.0,0.0,0.0,,,
3400,3,b'\xc2\xa7',b'',0.0,0.0,0.0,,,
3401,3,b'\xc2\xa7',b'',0.0,0.0,0.0,,,
3405,3,b'\xc2\xa7',b'',0.0,0.0,0.0,,,
3406,3,b'\xc2\xa7',b'',0.0,0.0,0.0,,,
3408,3,b'\xc2\xa7',b'',0.0,0.0,0.0,,,
3410,3,b'\xc2\xa7',b'',0.0,0.0,0.0,,,
3413,3,b'\xc2\xa7',b'',0.0,0.0,0.0,,,
3415,3,b'\xc2\xa9',b'',0.0,0.0,0.0,,,
3423,3,b'\xc2\xaa',b'',0.0,0.0,0.0,,,
3424,3,b'\xc2\xa7',b'',0.0,0.0,0.0,,,
3431,3,b'\xc2\xa7',b'',0.0,0.0,0.0,,,
3432,3,b'\xc2\xa7',b'',0.0,0.0,0.0,,,
3433,3,b'\xc2\xaa',b'',0.0,0.0,0.0,,,
3434,3,b'\xc2\xa9',b'',0.0,0.0,0.0,,,
3435,3,b'\xc2\xa7',b'',0.0,0.0,0.0,,,
3447,3,b'\xc2\xa7',b'',0.0,0.0,0.0,,,
3450,3,b'\xc2\xa9',b'',0.0,0.0,0.0,,,
3451,3,b'\xc2\xa7',b'',0.0,0.0,0.0,,,
3453,3,b'\xc2\xa7',b'',0.0,0.0,0.0,,,
3456,3,b'\xc2\xa9',b'',0.0,0.0,0.0,,,
3457,3,b'\xc2\xa9',b'',0.0,0.0,0.0,,,
3459,3,b'\xc2\xa7',b'',0.0,0.0,0.0,,,
3464,3,b'\xc2\xa9',b'',0.0,0.0,0.0,,,
3467,3,b'\xc2\xa9',b'',0.0,0.0,0.0,,,
3468,3,b'\xc2\xa7',b'',0.0,0.0,0.0,,,
3472,3,b'\xc2\xa7',b'',0.0,0.0,0.0,,,
3476,3,b'\xc2\xa7',b'',0.0,0.0,0.0,,,
3479,3,b'\xc2\xa9',b'',0.0,0.0,0.0,,,
3481,3,b'\xc2\xa7',b'',0.0,0.0,0.0,,,
3482,3,b'\xc2\xaa',b'',0.0,0.0,0.0,,,
3485,3,b'\xc2\xa7',b'',0.0,0.0,0.0,,,
3486,3,b'\xc2\xa7',b'',0.0,0.0,0.0,,,
3489,3,b'\xc2\xa9',b'',0.0,0.0,0.0,,,
3490,3,b'\xc2\xa9',b'',0.0,0.0,0.0,,,
3500,3,b'\xc2\xa9',b'',0.0,0.0,0.0,,,
3504,3,b'\xc2\xaa',b'',0.0,0.0,0.0,,,
3506,3,b'\xc2\xa9',b'',0.0,0.0,0.0,,,
3507,3,b'\xc2\xa7',b'',0.0,0.0,0.0,,,
3509,3,b'\xc2\xaa',b'',0.0,0.0,0.0,,,
3510,3,b'\xc2\xaa',b'',0.0,0.0,0.0,,,
3514,3,b'\xc2\xa7',b'',0.0,0.0,0.0,,,
3523,3,b'\xc2\xa7',b'',0.0,0.0,0.0,,,
3525,3,b'\xc2\xa7',b'',0.0,0.0,0.0,,,
3526,3,b'\xc2\xa9',b'',0.0,0.0,0.0,,,
3527,3,b'\xc2\xa9',b'',0.0,0.0,0.0,,,
3531,3,b'\xc2\xa7',b'',0.0,0.0,0.0,,,
3533,3,b'\xc2\xa9',b'',0.0,0.0,0.0,,,
3541,3,b'\xc2\xa7',b'',0.0,0.0,0.0,,,
3545,3,b'\xc2\xa9',b'',0.0,0.0,0.0,,,
3549,3,b'\xc2\xa9',b'',0.0,0.0,0.0,,,
3553,3,b'\xc2\xa9',b'',0.0,0.0,0.0,,,
3555,3,b'\xc2\xa7',b'',0.0,0.0,0.0,,,
3561,3,b'\xc2\xa7',b'',0.0,0.0,0.0,,,
3568,3,b'\xc2\xa7',b'',0.0,0.0,0.0,,,
3571,3,b'\xc2\xa9',b'',0.0,0.0,0.0,,,
3578,3,b'\xc2\xaa',b'',0.0,0.0,0.0,,,
3579,3,b'\xc2\xa9',b'',0.0,0.0,0.0,,,
3580,3,b'\xc2\xa9',b'',0.0,0.0,0.0,,,
3586,3,b'\xc2\xa9',b'',0.0,0.0,0.0,,,
3590,3,b'\xc2\xa8',b'',0.0,0.0,0.0,,,
3595,3,b'\xc2\xaa',b'',0.0,0.0,0.0,,,
3604,3,b'\xc2\xa7',b'',0.0,0.0,0.0,,,
3605,3,b'\xc2\xa2',b'',0.0,0.0,0.0,,,
3606,3,b'\xc2\xa9',b'',0.0,0.0,0.0,,,
3610,3,b'\xc2\xa7',b'',0.0,0.0,0.0,,,
3611,3,b'\xc2\xa7',b'',0.0,0.0,0.0,,,
3615,3,b'\xc2\xa7',b'',0.0,0.0,0.0,,,
3616,3,b'\xc2\xa7',b'',0.0,0.0,0.0,,,
3621,3,b'\xc2\xa7',b'',0.0,0.0,0.0,,,
3624,3,b'\xc2\xa7',b'',0.0,0.0,0.0,,,
3625,3,b'\xc2\xa7',b'',0.0,0.0,0.0,,,
3630,3,b'\xc2\xa7',b'',0.0,0.0,0.0,,,
3637,3,b'\xc2\xa7',b'',0.0,0.0,0.0,,,
3642,3,b'\xc2\xa9',b'',0.0,0.0,0.0,,,
3646,3,b'\xc2\xa7',b'',0.0,0.0,0.0,,,
3650,3,b'\xc2\xa7',b'',0.0,0.0,0.0,,,
3658,3,b'\xc2\xa7',b'',0.0,0.0,0.0,,,
3665,3,b'\xc2\xa7',b'',0.0,0.0,0.0,,,
3685,3,b'\xc2\xaa',b'',0.0,0.0,0.0,,,
3687,3,b'\xc2\xa9',b'',0.0,0.0,0.0,,,
3689,3,b'\xc2\xa7',b'',0.0,0.0,0.0,,,
3690,3,b'\xc2\xa7',b'',0.0,0.0,0.0,,,
3691,3,b'\xc2\xaa',b'',0.0,0.0,0.0,,,
3697,3,b'\xc2\xa9',b'',0.0,0.0,0.0,,,
3703,3,b'\xc2\xa7',b'',0.0,0.0,0.0,,,
3710,3,b'\xc2\xa7',b'',0.0,0.0,0.0,,,
3717,3,b'\xc2\xaa',b'',0.0,0.0,0.0,,,
3718,3,b'\xc2\xa9',b'',0.0,0.0,0.0,,,
3722,3,b'\xc2\xa7',b'',0.0,0.0,0.0,,,
3740,3,b'\xc2\xaa',b'',0.0,0.0,0.0,,,
3744,3,b'\xc2\xaa',b'',0.0,0.0,0.0,,,
3748,3,b'\xc2\xa7',b'',0.0,0.0,0.0,,,
3757,3,b'\xc2\xa7',b'',0.0,0.0,0.0,,,
3759,3,b'\xc2\xa7',b'',0.0,0.0,0.0,,,
3767,3,b'\xc2\xa7',b'',0.0,0.0,0.0,,,
3768,3,b'\xc2\xa9',b'',0.0,0.0,0.0,,,
3771,3,b'\xc2\xa9',b'',0.0,0.0,0.0,,,
3772,3,b'\xc2\xa9',b'',0.0,0.0,0.0,,,
3774,3,b'\xc2\xa7',b'',0.0,0.0,0.0,,,
3778,3,b'\xc2\xaa',b'',0.0,0.0,0.0,,,
3779,3,b'\xc2\xa5',b'',0.0,0.0,0.0,,,
3780,3,b'\xc2\xa7',b'',0.0,0.0,0.0,,,
3782,3,b'\xc2\xa7',b'',0.0,0.0,0.0,,,
3788,3,b'\xc2\xa7',b'',0.0,0.0,0.0,,,
3789,3,b'\xc2\xa9',b'',0.0,0.0,0.0,,,
3793,3,b'\xc2\xa7',b'',0.0,0.0,0.0,,,
3795,3,b'\xc2\xa7',b'',0.0,0.0,0.0,,,
3797,3,b'\xc2\xa9',b'',0.0,0.0,0.0,,,
3800,3,b'\xc2\xa7',b'',0.0,0.0,0.0,,,
3804,3,b'\xc2\xa9',b'',0.0,0.0,0.0,,,
3805,3,b'\xc2\xa7',b'',0.0,0.0,0.0,,,
3806,3,b'\xc2\xa9',b'',0.0,0.0,0.0,,,
3807,3,b'\xc2\xa7',b'',0.0,0.0,0.0,,,
3809,3,b'\xc2\xa7',b'',0.0,0.0,0.0,,,
3812,3,b'\xc2\xa9',b'',0.0,0.0,0.0,,,
3813,3,b'\xc2\xaa',b'',0.0,0.0,0.0,,,
3815,3,b'\xc2\xa7',b'',0.0,0.0,0.0,,,
3816,3,b'\xc2\xa7',b'',0.0,0.0,0.0,,,
3820,3,b'\xc2\xa7',b'',0.0,0.0,0.0,,,
3824,3,b'\xc2\xa9',b'',0.0,0.0,0.0,,,
3826,3,b'\xc2\xa7',b'',0.0,0.0,0.0,,,
3828,3,b'\xc2\xa9',b'',0.0,0.0,0.0,,,
3833,3,b'\xc2\xa7',b'',0.0,0.0,0.0,,,
3835,3,b'\xc2\xa7',b'',0.0,0.0,0.0,,,
3837,3,b'\xc2\xa7',b'',0.0,0.0,0.0,,,
3841,3,b'\xc2\xaa',b'',0.0,0.0,0.0,,,
3845,3,b'\xc2\xa7',b'',0.0,0.0,0.0,,,
3846,3,b'\xc2\xa7',b'',0.0,0.0,0.0,,,
3847,3,b'\xc2\xa7',b'',0.0,0.0,0.0,,,
3848,3,b'\xc2\xa9',b'',0.0,0.0,0.0,,,
3849,3,b'\xc2\xa7',b'',0.0,0.0,0.0,,,
3856,3,b'\xc2\xa7',b'',0.0,0.0,0.0,,,
3861,3,b'\xc2\xa7',b'',0.0,0.0,0.0,,,
3867,3,b'\xc2\xa7',b'',0.0,0.0,0.0,,,
3869,3,b'\xc2\xa7',b'',0.0,0.0,0.0,,,
3873,3,b'\xc2\xa9',b'',0.0,0.0,0.0,,,
3874,3,b'\xc2\xa7',b'',0.0,0.0,0.0,,,
3875,3,b'\xc2\xa7',b'',0.0,0.0,0.0,,,
3881,3,b'\xc2\xa9',b'',0.0,0.0,0.0,,,
3883,3,b'\xc2\xa7',b'',0.0,0.0,0.0,,,
3886,3,b'\xc2\xa2',b'',0.0,0.0,0.0,,,
3887,3,b'\xc2\xa7',b'',0.0,0.0,0.0,,,
3893,3,b'\xc2\xa9',b'',0.0,0.0,0.0,,,
3895,3,b'\xc2\xa7',b'',0.0,0.0,0.0,,,
3897,3,b'\xc2\xa3',b'',0.0,0.0,0.0,,,
3901,3,b'\xc2\xa7',b'',0.0,0.0,0.0,,,
3903,3,b'\xc2\xa9',b'',0.0,0.0,0.0,,,
3904,3,b'\xc2\xa7',b'',0.0,0.0,0.0,,,
3909,3,b'\xc2\xa7',b'',0.0,0.0,0.0,,,
3911,3,b'\xc2\xa7',b'',0.0,0.0,0.0,,,
3917,3,b'\xc2\xa7',b'',0.0,0.0,0.0,,,
3924,3,b'\xc2\xa9',b'',0.0,0.0,0.0,,,
3925,3,b'\xc2\xa7',b'',0.0,0.0,0.0,,,
3940,3,b'\xc2\xa7',b'',0.0,0.0,0.0,,,
3941,3,b'\xc2\xa7',b'',0.0,0.0,0.0,,,
3947,3,b'\xc2\xa7',b'',0.0,0.0,0.0,,,
3948,3,b'\xc2\xa7',b'',0.0,0.0,0.0,,,
3950,3,b'\xc2\xa7',b'',0.0,0.0,0.0,,,
3954,3,b'\xc2\xa9',b'',0.0,0.0,0.0,,,
3958,3,b'\xc2\xa9',b'',0.0,0.0,0.0,,,
3959,3,b'\xc2\xa9',b'',0.0,0.0,0.0,,,
3960,3,b'\xc2\xa9',b'',0.0,0.0,0.0,,,
3961,3,b'\xc2\xa7',b'',0.0,0.0,0.0,,,
3962,3,b'\xc2\xa7',b'',0.0,0.0,0.0,,,
3966,3,b'\xc2\xa9',b'',0.0,0.0,0.0,,,
3975,3,b'\xc2\xa9',b'',0.0,0.0,0.0,,,
3978,3,b'\xc2\xa7',b'',0.0,0.0,0.0,,,
3981,3,b'\xc2\xa9',b'',0.0,0.0,0.0,,,
3987,3,b'\xc2\xa7',b'',0.0,0.0,0.0,,,
3988,3,b'\xc2\xa7',b'',0.0,0.0,0.0,,,
3993,3,b'\xc2\xa9',b'',0.0,0.0,0.0,,,
3994,3,b'\xc2\xaa',b'',0.0,0.0,0.0,,,
3995,3,b'\xc2\xa7',b'',0.0,0.0,0.0,,,
4003,3,b'\xc2\xa7',b'',0.0,0.0,0.0,,,
4005,3,b'\xc2\xa7',b'',0.0,0.0,0.0,,,
4007,3,b'\xc2\xa7',b'',0.0,0.0,0.0,,,
4008,3,b'\xc2\xa9',b'',0.0,0.0,0.0,,,
4010,3,b'\xc2\xa7',b'',0.0,0.0,0.0,,,
4012,3,b'\xc2\xaa',b'',0.0,0.0,0.0,,,
4018,3,b'\xc2\xa7',b'',0.0,0.0,0.0,,,
4019,3,b'\xc2\xaa',b'',0.0,0.0,0.0,,,
4022,3,b'\xc2\xa7',b'',0.0,0.0,0.0,,,
4025,3,b'\xc2\xa9',b'',0.0,0.0,0.0,,,
4028,3,b'\xc2\xa7',b'',0.0,0.0,0.0,,,
4034,3,b'\xc2\xa7',b'',0.0,0.0,0.0,,,
4038,3,b'\xc2\xa9',b'',0.0,0.0,0.0,,,
4040,3,b'\xc2\xa9',b'',0.0,0.0,0.0,,,
4044,3,b'\xc2\xa8',b'',0.0,0.0,0.0,,,
4047,3,b'\xc2\xa7',b'',0.0,0.0,0.0,,,
4049,3,b'\xc2\xa9',b'',0.0,0.0,0.0,,,
4050,3,b'\xc2\xa7',b'',0.0,0.0,0.0,,,
4053,3,b'\xc2\xa7',b'',0.0,0.0,0.0,,,
4058,3,b'\xc2\xa7',b'',0.0,0.0,0.0,,,
4059,3,b'\xc2\xaa',b'',0.0,0.0,0.0,,,
4060,3,b'\xc2\xa7',b'',0.0,0.0,0.0,,,
4064,3,b'\xc2\xa7',b'',0.0,0.0,0.0,,,
4065,3,b'\xc2\xa7',b'',0.0,0.0,0.0,,,
4075,3,b'\xc2\xa7',b'',0.0,0.0,0.0,,,
4077,3,b'\xc2\xa7',b'',0.0,0.0,0.0,,,
4081,3,b'\xc2\xa7',b'',0.0,0.0,0.0,,,
4082,3,b'\xc2\xa7',b'',0.0,0.0,0.0,,,
4086,3,b'\xc2\xa7',b'',0.0,0.0,0.0,,,
4087,3,b'\xc2\xa7',b'',0.0,0.0,0.0,,,
4089,3,b'\xc2\xa7',b'',0.0,0.0,0.0,,,
4100,3,b'\xc2\xa9',b'',0.0,0.0,0.0,,,
4101,3,b'\xc2\xa9',b'',0.0,0.0,0.0,,,
4113,3,b'\xc2\xa7',b'',0.0,0.0,0.0,,,
4114,3,b'\xc2\xa7',b'',0.0,0.0,0.0,,,
4121,3,b'\xc2\xa7',b'',0.0,0.0,0.0,,,
4124,3,b'\xc2\xa7',b'',0.0,0.0,0.0,,,
4126,3,b'\xc2\xa7',b'',0.0,0.0,0.0,,,
4128,3,b'\xc2\xaa',b'',0.0,0.0,0.0,,,
4130,3,b'\xc2\xa7',b'',0.0,0.0,0.0,,,
4132,3,b'\xc2\xa7',b'',0.0,0.0,0.0,,,
4134,3,b'\xc2\xa7',b'',0.0,0.0,0.0,,,
4137,3,b'\xc2\xa7',b'',0.0,0.0,0.0,,,
4142,3,b'\xc2\xa7',b'',0.0,0.0,0.0,,,
4143,3,b'\xc2\xa7',b'',0.0,0.0,0.0,,,
4148,3,b'\xc2\xa9',b'',0.0,0.0,0.0,,,
4150,3,b'\xc2\xa7',b'',0.0,0.0,0.0,,,
4152,3,b'\xc2\xa7',b'',0.0,0.0,0.0,,,
4153,3,b'\xc2\xa9',b'',0.0,0.0,0.0,,,
4155,3,b'\xc2\xa7',b'',0.0,0.0,0.0,,,
4157,3,b'\xc2\xa9',b'',0.0,0.0,0.0,,,
4164,3,b'\xc2\xa9',b'',0.0,0.0,0.0,,,
4166,3,b'\xc2\xa7',b'',0.0,0.0,0.0,,,
4171,3,b'\xc2\xa9',b'',0.0,0.0,0.0,,,
4177,3,b'\xc2\xa9',b'',0.0,0.0,0.0,,,
4178,3,b'\xc2\xa7',b'',0.0,0.0,0.0,,,
4179,3,b'\xc2\xa7',b'',0.0,0.0,0.0,,,
4181,3,b'\xc2\xa9',b'',0.0,0.0,0.0,,,
4184,3,b'\xc2\xa9',b'',0.0,0.0,0.0,,,
4195,3,b'\xc2\xa9',b'',0.0,0.0,0.0,,,
4207,3,b'\xc2\xa9',b'',0.0,0.0,0.0,,,
4213,3,b'\xc2\xa7',b'',0.0,0.0,0.0,,,
4219,3,b'\xc2\xaa',b'',0.0,0.0,0.0,,,
4221,3,b'\xc2\xa7',b'',0.0,0.0,0.0,,,
4222,3,b'\xc2\xa7',b'',0.0,0.0,0.0,,,
4223,3,b'\xc2\xa7',b'',0.0,0.0,0.0,,,
4225,3,b'\xc2\xa7',b'',0.0,0.0,0.0,,,
4228,3,b'\xc2\xaa',b'',0.0,0.0,0.0,,,
4230,3,b'\xc2\xa7',b'',0.0,0.0,0.0,,,
4234,3,b'\xc2\xa7',b'',0.0,0.0,0.0,,,
4237,3,b'\xc2\xaa',b'',0.0,0.0,0.0,,,
4243,3,b'\xc2\xa7',b'',0.0,0.0,0.0,,,
4244,3,b'\xc2\xaa',b'',0.0,0.0,0.0,,,
4245,3,b'\xc2\xa7',b'',0.0,0.0,0.0,,,
4250,3,b'\xc2\xa9',b'',0.0,0.0,0.0,,,
4251,3,b'\xc2\xa7',b'',0.0,0.0,0.0,,,
4253,3,b'\xc2\xa9',b'',0.0,0.0,0.0,,,
4254,3,b'\xc2\xa7',b'',0.0,0.0,0.0,,,
4261,3,b'\xc2\xa7',b'',0.0,0.0,0.0,,,
4263,3,b'\xc2\xa9',b'',0.0,0.0,0.0,,,
4266,3,b'\xc2\xa7',b'',0.0,0.0,0.0,,,
4267,3,b'\xc2\xa7',b'',0.0,0.0,0.0,,,
4269,3,b'\xc2\xa7',b'',0.0,0.0,0.0,,,
4273,3,b'\xc2\xaa',b'',0.0,0.0,0.0,,,
4275,3,b'\xc2\xa9',b'',0.0,0.0,0.0,,,
4278,3,b'\xc2\xa7',b'',0.0,0.0,0.0,,,
4279,3,b'\xc2\xa7',b'',0.0,0.0,0.0,,,
4280,3,b'\xc2\xa9',b'',0.0,0.0,0.0,,,
4284,3,b'\xc2\xa7',b'',0.0,0.0,0.0,,,
4285,3,b'\xc2\xaa',b'',0.0,0.0,0.0,,,
4287,3,b'\xc2\xa7',b'',0.0,0.0,0.0,,,
4288,3,b'\xc2\xa7',b'',0.0,0.0,0.0,,,
4294,3,b'\xc2\xa7',b'',0.0,0.0,0.0,,,
4299,3,b'\xc2\xa7',b'',0.0,0.0,0.0,,,
4303,3,b'\xc2\xa9',b'',0.0,0.0,0.0,,,
4304,3,b'\xc2\xa7',b'',0.0,0.0,0.0,,,
4305,3,b'\xc2\xa7',b'',0.0,0.0,0.0,,,
4309,3,b'\xc2\xa7',b'',0.0,0.0,0.0,,,
4314,3,b'\xc2\xa7',b'',0.0,0.0,0.0,,,
4322,3,b'\xc2\xa7',b'',0.0,0.0,0.0,,,
4323,3,b'\xc2\xa7',b'',0.0,0.0,0.0,,,
4326,3,b'\xc2\xa7',b'',0.0,0.0,0.0,,,
4327,3,b'\xc2\xa9',b'',0.0,0.0,0.0,,,
4329,3,b'\xc2\xa7',b'',0.0,0.0,0.0,,,
4330,3,b'\xc2\xa7',b'',0.0,0.0,0.0,,,
4336,3,b'\xc2\xa9',b'',0.0,0.0,0.0,,,
4339,3,b'\xc2\xa7',b'',0.0,0.0,0.0,,,
4350,3,b'\xc2\xa7',b'',0.0,0.0,0.0,,,
4356,3,b'\xc2\xa9',b'',0.0,0.0,0.0,,,
4359,3,b'\xc2\xa7',b'',0.0,0.0,0.0,,,
4363,3,b'\xc2\xa9',b'',0.0,0.0,0.0,,,
4365,3,b'\xc2\xa7',b'',0.0,0.0,0.0,,,
4375,3,b'\xc2\xa7',b'',0.0,0.0,0.0,,,
4378,3,b'\xc2\xaa',b'',0.0,0.0,0.0,,,
4381,3,b'\xc2\xa9',b'',0.0,0.0,0.0,,,
4384,3,b'\xc2\xa9',b'',0.0,0.0,0.0,,,
4386,3,b'\xc2\xa7',b'',0.0,0.0,0.0,,,
4387,3,b'\xc2\xa9',b'',0.0,0.0,0.0,,,
4392,3,b'\xc2\xa7',b'',0.0,0.0,0.0,,,
4395,3,b'\xc2\xa9',b'',0.0,0.0,0.0,,,
4399,3,b'\xc2\xa7',b'',0.0,0.0,0.0,,,
4400,3,b'\xc2\xaa',b'',0.0,0.0,0.0,,,
4402,3,b'\xc2\xaa',b'',0.0,0.0,0.0,,,
4404,3,b'\xc2\xaa',b'',0.0,0.0,0.0,,,
4406,3,b'\xc2\xa7',b'',0.0,0.0,0.0,,,
4409,3,b'\xc2\xa7',b'',0.0,0.0,0.0,,,
4411,3,b'\xc2\xa9',b'',0.0,0.0,0.0,,,
4412,3,b'\xc2\xa7',b'',0.0,0.0,0.0,,,
4414,3,b'\xc2\xa9',b'',0.0,0.0,0.0,,,
4416,3,b'\xc2\xa7',b'',0.0,0.0,0.0,,,
4427,3,b'\xc2\xa7',b'',0.0,0.0,0.0,,,
4434,3,b'\xc2\xa9',b'',0.0,0.0,0.0,,,
4436,3,b'\xc2\xa9',b'',0.0,0.0,0.0,,,
4438,3,b'\xc2\xa9',b'',0.0,0.0,0.0,,,
4442,3,b'\xc2\xa9',b'',0.0,0.0,0.0,,,
4450,3,b'\xc2\xa7',b'',0.0,0.0,0.0,,,
4453,3,b'\xc2\xa9',b'',0.0,0.0,0.0,,,
4454,3,b'\xc2\xaa',b'',0.0,0.0,0.0,,,
4458,3,b'\xc2\xa7',b'',0.0,0.0,0.0,,,
4459,3,b'\xc2\xa7',b'',0.0,0.0,0.0,,,
4464,3,b'\xc2\xa7',b'',0.0,0.0,0.0,,,
4467,3,b'\xc2\xa9',b'',0.0,0.0,0.0,,,
4472,3,b'\xc2\xa9',b'',0.0,0.0,0.0,,,
4481,3,b'\xc2\xaa',b'',0.0,0.0,0.0,,,
4482,3,b'\xc2\xa9',b'',0.0,0.0,0.0,,,
4490,3,b'\xc2\xa9',b'',0.0,0.0,0.0,,,
4492,3,b'\xc2\xa7',b'',0.0,0.0,0.0,,,
4496,3,b'\xc2\xa7',b'',0.0,0.0,0.0,,,
4497,3,b'\xc2\xa7',b'',0.0,0.0,0.0,,,
4498,3,b'\xc2\xa7',b'',0.0,0.0,0.0,,,
4499,3,b'\xc2\xa7',b'',0.0,0.0,0.0,,,
4503,3,b'\xc2\xa9',b'',0.0,0.0,0.0,,,
4507,3,b'\xc2\xa7',b'',0.0,0.0,0.0,,,
4514,3,b'\xc2\xa9',b'',0.0,0.0,0.0,,,
4518,3,b'\xc2\xa7',b'',0.0,0.0,0.0,,,
4519,3,b'\xc2\xaa',b'',0.0,0.0,0.0,,,
4522,3,b'\xc2\xa7',b'',0.0,0.0,0.0,,,
4525,3,b'\xc2\xa7',b'',0.0,0.0,0.0,,,
4528,3,b'\xc2\xaa',b'',0.0,0.0,0.0,,,
4538,3,b'\xc2\xa9',b'',0.0,0.0,0.0,,,
4539,3,b'\xc2\xa7',b'',0.0,0.0,0.0,,,
4543,3,b'\xc2\xa9',b'',0.0,0.0,0.0,,,
4545,3,b'\xc2\xa7',b'',0.0,0.0,0.0,,,
4551,3,b'\xc2\xa7',b'',0.0,0.0,0.0,,,
4554,3,b'\xc2\xa9',b'',0.0,0.0,0.0,,,
4561,3,b'\xc2\xa9',b'',0.0,0.0,0.0,,,
4562,3,b'\xc2\xa7',b'',0.0,0.0,0.0,,,
4564,3,b'\xc2\xaa',b'',0.0,0.0,0.0,,,
4565,3,b'\xc2\xa9',b'',0.0,0.0,0.0,,,
4567,3,b'\xc2\xa9',b'',0.0,0.0,0.0,,,
4568,3,b'\xc2\xa7',b'',0.0,0.0,0.0,,,
4569,3,b'\xc2\xa9',b'',0.0,0.0,0.0,,,
4570,3,b'\xc2\xa7',b'',0.0,0.0,0.0,,,
4573,3,b'\xc2\xa9',b'',0.0,0.0,0.0,,,
